"operator","base","padi_rating","website","open_on_dates","boats_and_capacity","max_divers_per_boat","instructor_ratio","ow_price","aow_price","eanx_price","fun_2tank_price","signature_trip_prices","gear_rental","nitrox","fees","refresher_policy","weather_policy","group_rate","leader_free_places","deposit_terms","cancellation_terms","payment_options","price_flag","sources","access_date","confidence","notes"
"Red Sea Diving Safari - Marsa Shagra Village","Marsa Alam (Marsa Shagra, ~35-40 km / 20-40 min south of RMF airport; ~253 km / ~3 h from HRG)","PADI Dive Center (padi.com listing 'Red Sea Diving Safari - Shagra Village'); star level not visible in snippet - QUOTE NEEDED. Also AIDA freediving.","https://www.redsea-divingsafari.com/","Year-round village; winter 26-27 euro price list valid 1 Nov 2026 - 30 Apr 2027. January and February are LOW season (ADVERTISED snippet, 25-26 list). Availability for 3-9 Jan 2027: QUOTE NEEDED.","Shore-based house reef (no day boat needed for core diving); RIB/speedboat and zodiac drops for outer house reef and excursions; day boats for Elphinstone/Dolphin House. 131 accommodation units (aggregator). Boat count and seats: QUOTE NEEDED.","unknown (speedboat and zodiac capacity QUOTE NEEDED)","unknown; PADI maximums apply (confined water 10:1, open-water dives 8:1 plus 2 per certified assistant to 12). Number of instructors available for 8-13 OW students: QUOTE NEEDED.","EUR 358 with gear, plus EUR 94 PADI e-code (USD 389 + USD 102 at USD 1 = EUR 0.92 placeholder). Brief lead from winter 26-27 list; page blocked - QUOTE NEEDED. Snippet confirms OW students get full equipment free (ADVERTISED snippet).","unknown - QUOTE NEEDED","unknown - QUOTE NEEDED","5-day unlimited house-reef package EUR 347 (USD 377), incl. 2 orientation dives day 1; extra day EUR 69 (USD 75). Brief lead, page blocked - QUOTE NEEDED. Package structure (5 days unlimited house reef + 2 orientation dives; 'Excursion package' adds 4 inner-range excursion dives) ADVERTISED snippet.","Dolphin House (Sha'ab Samadai) EUR 48 + EUR 19 fee (USD 52 + 21); Abu Dabab EUR 48 + EUR 11 entry (USD 52 + 12); speedboat dives EUR 24-36 (USD 26-39). Brief leads, page blocked - QUOTE NEEDED. Elphinstone day boat/speedboat price: QUOTE NEEDED (CCR 2-pax Elphinstone discounts 5%/10% seen in snippet). Diving outside house reef charged by zone (ADVERTISED snippet).","Full equipment hire on site; free for OW course participants (ADVERTISED snippet). Daily rental price for certified divers: QUOTE NEEDED.","unknown - QUOTE NEEDED","Compulsory hyperbaric-chamber support fee EUR 7 per diver (USD 8), covers decompression treatment for 21 days, Baro-Medical chamber on the Marsa Shagra premises (ADVERTISED snippet). Visa + airport meet-and-assist EUR 45 (USD 49) - brief lead, QUOTE NEEDED. Full board includes soft drinks, dispenser water, tea/coffee (ADVERTISED snippet).","Day-1 orientation dives are guided for every diver (ADVERTISED snippet). Formal refresher/scuba review price and trigger (e.g. >12 months): QUOTE NEEDED.","Not published in snippets. House reef is a protected bay with buoys and lines (ADVERTISED snippet), so shore diving normally continues in north wind; offshore (Elphinstone) and boat excursions cancel in wind - INFERRED from brief and Tripadvisor reviews ('January ... Elphinstone can be quite bouncy'). Refund/credit policy for cancelled excursions: QUOTE NEEDED.","Groups of 11+: 1 guest free; 22+: 2 free; 33+: 3 free (transfers, accommodation and diving package, rest pay full price, divers only, cannot be combined with other discounts) - ADVERTISED snippet (FAQ). Brief states thresholds as 11th/21st/30th guest; FAQ snippet says 11/22/33 - discrepancy, QUOTE NEEDED. Long-stay discounts irrelevant.","At 15 or 20 pax: 1 free; at 25 pax: 2 free (either threshold version). Free place covers room, transfers and dive package only, not courses, excursions, e-code, visa or flights.","Non-high-season and non-feast periods: deposit up to 50% of reservation value. Some high-season and feast periods: non-refundable, deposit up to 100%, advised at reservation (ADVERTISED snippet). January is low season but 1-10 Jan may be treated as a feast/New Year/Coptic Christmas period - QUOTE NEEDED.","Standard, on pre-booked accommodation, diving and transfers: >30 days 20%; 15-29 days 30%; 7-14 days 50%; <=6 days 80% (ADVERTISED snippet). Non-refundable in some high-season/feast periods.","unknown (booking request form on website; bank transfer/card and per-participant payment: QUOTE NEEDED)","QUOTE NEEDED (all euro figures from the brief are unverified because the winter 26-27 price-list page is blocked; structural facts ADVERTISED (snippet))","https://www.redsea-divingsafari.com/price-lists/marsa-shagra/euro-winter-26-27 (blocked); https://www.redsea-divingsafari.com/price-lists/marsa-shagra/euro-winter-25-26 (snippet: seasons); https://www.redsea-divingsafari.com/faqs/pricing (snippet: group terms); https://www.redsea-divingsafari.com/price-lists (snippet: deposit and cancellation, chamber fee, packages); https://www.redsea-divingsafari.com/diving/marsa-shagra (snippet: house reef bay, OW gear free); https://www.redsea-divingsafari.com/downloads/fact-sheets/MARSA_SHAGRA_VILLAGE_FACT_SHEET_2014.pdf (snippet: 253 km from HRG); https://travel.padi.com/dive-resort/egypt/marsa-shagra-village-red-sea-diving-safari-shagra-village/ (snippet: 40 km from RMF); https://baromedical-redsea.com/ ; https://www.tripadvisor.com/Attraction_Review-g311425-d604074-Reviews-Elphinstone_Reef-Marsa_Alam_Red_Sea_and_Sinai.html (January bounciness, lead only)","21 Sep 2026","Medium on structure and terms; low on 2027 prices (unverified)","Bundles lodging + full board + diving + transfers in one contract, which is what makes the group free places and the pricing model simple. On-site chamber. Shore-based training and fun diving keeps the group off day boats except by choice, which addresses the State Department dive-boat warning. No liveaboards needed. Beginners train in the sheltered bay (no pool). Not in Sinai."
"Emperor Divers - Port Ghalib (Marsa Alam)","Port Ghalib marina, Marsa Alam (~10 min from RMF airport; ~3 h from HRG)","PADI 5 Star Instructor Development Centre (ADVERTISED snippet, emperordivers.com)","https://www.emperordivers.com/day-diving-location/port-ghalib/","Year-round day diving; Port Ghalib price PDF valid from 1 May 2026 exists but figures not readable in snippets. Availability 3-9 Jan 2027: QUOTE NEEDED.","Day boats moored at Port Ghalib marina jetty; 2 boat dives/day 08:00-16:00/17:30; Elphinstone by speedboat (30 min, single dive) or day boat (60 min, 2 tanks) as in-resort upgrades (ADVERTISED snippet). Number of boats and seats: QUOTE NEEDED.","unknown - QUOTE NEEDED","unknown; PADI maximums apply. Capacity for 8-13 OW students at once: QUOTE NEEDED.","unknown in snippets (PDF https://www.emperordivers.com/files/Egypt/Port-Ghalib-Prices.pdf blocked). Structure ADVERTISED (snippet): 3 days tuition, 5 confined-water dives in a pool, 4 open-water dives, full equipment, digital materials and certification. QUOTE NEEDED.","Sold as a supplement added to a day-diving package, incl. equipment, materials, certification (ADVERTISED snippet); figure QUOTE NEEDED.","Nitrox course available; price QUOTE NEEDED. Free nitrox to 32% on liveaboards (snippet); day-boat prices list nitrox as included.","Per-person per-day price includes 2 dives, guide, tanks, nitrox, weights, drinks, environmental, marine-park and jetty fees ('No Hidden Extras') - ADVERTISED snippet; figure QUOTE NEEDED. Aggregator context for Marsa Alam: 2-tank USD 70-110 (redsea-scubadiving.com, lead only).","Elphinstone speedboat single dive and day-boat 2-tank upgrades: QUOTE NEEDED. Half-price day-diving promotion page exists (dates unknown).","unknown - QUOTE NEEDED (included in courses)","Included in day-diving price (ADVERTISED snippet)","Marine park, environmental and jetty fees included in day-diving price (ADVERTISED snippet). No-show fee EUR 10 / USD 15 if not cancelled by 16:00 the day before (terms PDF snippet).","unknown - QUOTE NEEDED","Not visible in snippets - QUOTE NEEDED. Sheltered training pools on site (ADVERTISED snippet).","Group-free places exist ('cannot be combined with other offers including group-free places') - ADVERTISED snippet; ratio QUOTE NEEDED.","unknown ratio - QUOTE NEEDED","Dive-centre groups of 6+ and private charters: a non-refundable 20% deposit may be requested at booking (terms PDF snippet). Liveaboard group schedule (5%/10%/15%) does not apply to day diving.","Within 30 days of service start: 100% cancellation fee (terms PDF snippet). An older snippet says dive/course bookings cancelled before arrival refunded 65% - conflicting, QUOTE NEEDED. PADI digital materials non-refundable once issued/redeemed.","Online booking and payment via website (snippet); per-participant links QUOTE NEEDED.","QUOTE NEEDED","https://www.emperordivers.com/files/Egypt/Port-Ghalib-Prices.pdf (blocked); https://www.emperordivers.com/day-diving-location-subpage/port-ghalib-diving/ ; https://www.emperordivers.com/course-country/egypt/ ; https://www.emperordivers.com/files/terms.pdf (snippet); https://www.emperordivers.com/how-to-book/ ; https://www.emperordivers.com/port-ghalib-is-a-top-spot-for-beginners-and-advanced-divers/ ; https://www.padi.com/dive-center/egypt/emperor-divers-marsa-alam-2/","21 Sep 2026","Medium on structure; low on prices","Best alternative at Marsa Alam if Marsa Shagra cannot take the whole group: pool-based OW training, all-inclusive day-boat pricing, nitrox free. Lodging separate (Port Ghalib hotels - W4). Day-boat based for all certified diving, so the dive-boat safety question must be put to them (see outreach). No liveaboard needed."
"Emperor Divers - Sharm el-Sheikh","Naama Bay, Sharm el-Sheikh (Marina Sharm Hotel; SSH airport 15-30 min)","PADI 5 Star IDC (Emperor group, snippet)","https://www.emperordivers.com/day-diving-location/sharm/","Year-round; Sharm price PDF exists (figures not in snippets). Availability QUOTE NEEDED.","Daily dive boat from jetty one minute from the centre; 2 dives/day 08:00-15:30/17:00; third dives bought on board (ADVERTISED snippet). Boat count/seats QUOTE NEEDED.","unknown - QUOTE NEEDED","unknown - QUOTE NEEDED","unknown - QUOTE NEEDED (PDF https://www.emperordivers.com/files/Egypt/Sharm-Prices.pdf blocked)","unknown - QUOTE NEEDED","unknown - QUOTE NEEDED","Per day incl. 2 dives, guide, tanks, nitrox, weights, drinks, environmental, marine-park and jetty fees (ADVERTISED snippet); figure QUOTE NEEDED.","Ras Mohammed, Straits of Tiran, SS Thistlegorm day trips (snippet); supplements QUOTE NEEDED. Thistlegorm commonly requires AOW and ~20 logged dives (aggregator aboutdiving.com, lead only).","unknown - QUOTE NEEDED","Included (ADVERTISED snippet)","Marine park (Ras Mohammed) and jetty fees included (ADVERTISED snippet)","unknown - QUOTE NEEDED","unknown - QUOTE NEEDED; winter wind can close Tiran and Ras Mohammed (aggregators, lead only)","As Emperor group: group-free places exist, ratio QUOTE NEEDED","unknown - QUOTE NEEDED","As Emperor terms PDF: 20% non-refundable deposit may be requested for groups of 6+","As Emperor terms PDF: 100% within 30 days; older 65%-refund clause conflicting - QUOTE NEEDED","Online (snippet)","QUOTE NEEDED","https://www.emperordivers.com/day-diving-location/sharm/ ; https://www.emperordivers.com/files/Egypt/Sharm-Prices.pdf (blocked); https://www.emperordivers.com/files/terms.pdf (snippet); https://aboutdiving.com/sharm-el-sheikh-diving/ (lead)","21 Sep 2026","Low-medium","Sharm alternative with the same group terms as Port Ghalib. Sinai optics for club approval; all diving boat-based; Thistlegorm is a long, exposed day trip and January wind cancellations are common. Included here so the pricing model can compare like-for-like with Port Ghalib."
"Camel Dive Club & Hotel","Naama Bay, Sharm el-Sheikh (SSH airport 15-30 min)","SSI Diamond centre (ADVERTISED snippet, cameldive.com / divessi.com). Whether it still holds PADI affiliation and can certify PADI eLearning students as PADI OW: QUOTE NEEDED.","https://www.cameldive.com/","Year-round; availability QUOTE NEEDED","Up to 5 boats daily from Naama Bay; groups limited to 6 divers per guide (ADVERTISED snippet). Seats per boat QUOTE NEEDED.","unknown; 6 divers per guide (ADVERTISED snippet)","unknown; own heated training pool on site (ADVERTISED snippet)","SSI Open Water (listed as 'Basic Diver program' leading to SSI OW) USD 498.63 / EUR 436 on divessi.com dated 19 Jul 2026 - ADVERTISED (snippet), inclusion unclear; QUOTE NEEDED.","unknown - QUOTE NEEDED","unknown - QUOTE NEEDED","unknown - QUOTE NEEDED (dive-only and dive-and-stay packages exist)","Daily boats to Tiran, Ras Mohammed; Thistlegorm and Million Hope wreck excursions (snippet); supplements QUOTE NEEDED","unknown - QUOTE NEEDED","unknown - QUOTE NEEDED","National park fee EUR 7 pp/day mandatory (USD 8); lunch on boat EUR 10 incl. soft drinks (USD 11) - ADVERTISED snippet","unknown - QUOTE NEEDED","unknown - QUOTE NEEDED","Special rates for groups of 5+ (ADVERTISED snippet); figure QUOTE NEEDED","unknown - QUOTE NEEDED","unknown - QUOTE NEEDED","unknown - QUOTE NEEDED","unknown - QUOTE NEEDED","QUOTE NEEDED","https://www.cameldive.com/ ; https://www.cameldive.com/scuba-diving-in-sharm-el-sheikh/ ; https://www.cameldive.com/dive-and-stay-camel-hotel/ ; https://www.divessi.com/en/divecenter/camel-dive-club-sharm-el-sheikh-egypt-720224 ; https://www.scubatravel.com/holidays/resorts/egypt/sharm/camel/camel.html (snippet: 5 boats, 6 per guide)","21 Sep 2026","Low-medium","Strong beginner facility (own pool, hotel on site, 5 boats) and bundles lodging, but it is now SSI. Beginners who finish PADI eLearning at home would either need a PADI instructor at Camel or to switch to SSI digital learning - the single most important question for this operator. Sinai optics."
"Red Sea Diving College","Naama Bay, Sharm el-Sheikh (SSH airport 15-30 min)","PADI Dive Center (padi.com listing); 35+ years; star level QUOTE NEEDED","https://redseacollege.com/","Year-round; availability QUOTE NEEDED","Fleet of 6 day boats; clubs and groups regularly charter a full boat (ADVERTISED snippet, redsea-diving.com FAQ). Seats per boat QUOTE NEEDED.","unknown - QUOTE NEEDED","unknown - QUOTE NEEDED; confined-water venue (pool vs bay) QUOTE NEEDED","Price list exists at https://redseacollege.com/price-list/ but figures not in snippets - QUOTE NEEDED. OW is 2-3 days with eLearning (ADVERTISED snippet).","unknown - QUOTE NEEDED (course offered; dives can be tailored e.g. wreck)","unknown - QUOTE NEEDED","unknown - QUOTE NEEDED; multi-dive packages with group/extended discounts exist (snippet)","SS Thistlegorm, Ras Mohammed (Shark & Yolanda, Anemone City), Dunraven, Tiran (snippet); supplements QUOTE NEEDED","unknown - QUOTE NEEDED","unknown - QUOTE NEEDED","unknown - QUOTE NEEDED (Ras Mohammed park fee likely extra - INFERRED)","unknown - QUOTE NEEDED","unknown - QUOTE NEEDED","Groups on request via 'Group quote request'; full-boat charters shape itinerary around the group (ADVERTISED snippet)","unknown - QUOTE NEEDED","Full-boat charter: EUR 5,000 deposit (USD 5,435) secures the boat; balance on arrival or by bank transfer 2 months before (ADVERTISED snippet, redsea-diving.com FAQ - confirm this is the College's own policy)","Charter: >3 months keeps 25% of deposit; 3-1 months 50%; <1 month or no-show 100%; in writing (ADVERTISED snippet, same caveat)","Bank transfer; balance on arrival (snippet)","QUOTE NEEDED","https://redseacollege.com/price-list/ ; https://redseacollege.com/dive-courses/padi-open-water-diver-1/ ; https://redseacollege.com/sharm-el-sheikh-diving/sharm-daily-diving/ ; https://www.padi.com/dive-center/egypt/red-sea-diving-college/ ; https://redsea-diving.com/faq/ (charter terms snippet)","21 Sep 2026","Low-medium","Largest PADI day-boat fleet found in Sharm (6 boats) with free hotel transfers, so capacity for 20-25 is plausible. Lodging separate. Sinai optics; boat-based."
"Blue Ocean Dive Centers - Abu Dabbab Lodge","Abu Dabbab Bay, Marsa Alam (~30 km south of RMF airport); also centres at Sahl Hasheesh (Hurghada) and Port Ghalib","PADI 5 Star (ADVERTISED snippet, padi.com and PADI Travel)","https://travel.padi.com/dive-resort/egypt/abu-dabbab-lodge-blue-ocean-marsa-alam/","Year-round; availability QUOTE NEEDED","House reef (unlimited), speedboat dives, Dolphin House trips; 35+ sites incl. Elphinstone; one liveaboard in the group (NOT to be used). Two freshwater pools at the lodge, one for dive courses (ADVERTISED snippet). Boat seats QUOTE NEEDED.","unknown - QUOTE NEEDED","unknown - QUOTE NEEDED","Package: PADI OW with all equipment + 3 nights accommodation + meals EUR 440 pp (USD 478) - aggregator ewdr.com, lead only; USD 993 OW dive vacation on PADI Travel (inclusions unclear). Course-only price QUOTE NEEDED.","unknown - QUOTE NEEDED","unknown - QUOTE NEEDED","unknown - QUOTE NEEDED (house-reef packages; transfers from area hotels included in dive packages - snippet)","Dolphin House, Elphinstone, Abu Dabbab bay (dugong, turtles) - QUOTE NEEDED","unknown - QUOTE NEEDED","unknown - QUOTE NEEDED","unknown - QUOTE NEEDED","unknown - QUOTE NEEDED","unknown - QUOTE NEEDED (sheltered bay, so house-reef diving likely continues in wind - INFERRED)","unknown - QUOTE NEEDED","unknown - QUOTE NEEDED","unknown - QUOTE NEEDED","unknown - QUOTE NEEDED","unknown - QUOTE NEEDED","QUOTE NEEDED","https://travel.padi.com/dive-resort/egypt/abu-dabbab-lodge-blue-ocean-marsa-alam/ ; https://www.padi.com/dive-center/egypt/blue-ocean-marsa-alam/ ; https://www.zubludiving.com/resort/red-sea/abu-dabbab-lodge ; https://ewdr.com/en/dive-holiday/learn-to-dive-in-egypt-marsa-alam-padi-dive-course/ (lead); https://scubaboard.com/community/threads/anyone-have-experience-with-blue-ocean-dive-center-at-abu-dabbab.637941/ (lead)","21 Sep 2026","Low","Second Marsa Alam shore-based option with a training pool and lodge; useful as the fallback if Marsa Shagra is full or as an overflow base 10 km away. Same airport and chamber."
"ORCA Dive Club El Gouna","Turtle's Inn, Abu Tig Marina, El Gouna (HRG airport ~30-40 min)","PADI, CMAS and SSI courses offered (ADVERTISED snippet); PADI star level QUOTE NEEDED","https://www.orca-diveclubs.com/en/el-gouna-en/","Year-round; availability QUOTE NEEDED","Day boats from Abu Tig Marina; permanent instructors teaching in six languages (snippet). Boat count/seats QUOTE NEEDED.","unknown - QUOTE NEEDED","unknown - QUOTE NEEDED; confined-water venue (pool) QUOTE NEEDED","SSI OW 4 days incl. equipment offered (snippet); PADI OW price QUOTE NEEDED","unknown - QUOTE NEEDED","unknown - QUOTE NEEDED","5 days / 10 dives from GBP 300 excl. equipment (regal-diving.co.uk aggregator, lead only; ~USD 400 at USD 1 = GBP 0.75 placeholder). Direct price QUOTE NEEDED.","Giftun reefs, Abu Nuhas wrecks (Hurghada standard) - QUOTE NEEDED","unknown - QUOTE NEEDED","unknown - QUOTE NEEDED","unknown - QUOTE NEEDED","unknown - QUOTE NEEDED","unknown - QUOTE NEEDED","unknown - QUOTE NEEDED","unknown - QUOTE NEEDED","unknown - QUOTE NEEDED","unknown - QUOTE NEEDED","unknown - QUOTE NEEDED","QUOTE NEEDED","https://www.orca-diveclubs.com/en/el-gouna-en/ ; https://www.orca-diveclubs.com/egypt/el-gouna ; https://www.regal-diving.co.uk/location/el-gouna (lead); https://www.tripadvisor.com/Attraction_Review-g297548-d4761810-Reviews-Orca_Dive_Club_El_Gouna_Abu_Tig_Marina-El_Gouna_Hurghada_Red_Sea_and_Sinai.html","21 Sep 2026","Low","Hurghada/El Gouna option with the best airport access (HRG). All fun diving boat-based; January is cooler and windier in the north. Included for the base comparison, not shortlisted."
"Sinai Divers (Ghazala Beach, Sharm) - LEAD ONLY","Naama Bay, Sharm el-Sheikh","unknown","unknown (Tripadvisor listing 'Sinai Divers Ghazala Diving Centre')","unknown","unknown","unknown","unknown","unknown; Sharm market reference: PADI OW USD 430 with group discounts for 2+ (PADI Adventures listing for an unnamed Sharm centre, lead only)","unknown","unknown","unknown","unknown","unknown","unknown","unknown","unknown","unknown","unknown","unknown","unknown","unknown","unknown","QUOTE NEEDED","https://www.tripadvisor.com/Attraction_Review-g297555-d25039676-Reviews-Sinai_Divers_Ghazala_Diving_Centre-Sharm_El_Sheikh_South_Sinai_Red_Sea_and_Sinai.html ; https://travel.padi.com/dive-course/sharm-el-sheikh/cours-padi-open-water-diver-51080/ (market reference)","21 Sep 2026","Very low","No primary-source detail surfaced in search snippets before the search budget ran out. Not shortlisted; kept as a lead in case Sharm is chosen."
"Divers' Lodge Hurghada - LEAD ONLY","Hurghada (HRG airport 20-40 min)","PADI 5 Star IDC (Tripadvisor/Facebook snippets, lead only)","unknown (https://www.facebook.com/DiversLodgeHurghada/)","unknown","unknown","unknown","unknown","unknown; Hurghada market reference: PADI OW EUR 350 (USD 380), day boat 2 dives EUR 50 (USD 54), third dive EUR 15 (aggregators divingaround.com / egyptdive.com, lead only)","unknown","unknown","unknown","unknown","unknown","unknown","unknown","unknown","unknown","unknown","unknown","unknown","unknown","unknown","QUOTE NEEDED","https://www.tripadvisor.com/Attraction_Review-g297549-d2732607-Reviews-Divers_Lodge-Hurghada_Red_Sea_and_Sinai.html ; https://divingaround.com/2026/01/diving-hurghada-prices-guide/ (market reference); https://egyptdive.com/price-list-diving-hurghada/ (market reference)","21 Sep 2026","Very low","Lead only. Emperor Divers' own day-diving page lists Port Ghalib, Sharm and Wadi Sabarah only, so an Emperor Hurghada/El Gouna centre could not be confirmed. Wonderful Dive (Marsa Alam) returned no primary-source result and is omitted."
