operator,base,padi_rating,website,open_on_dates,boats_and_capacity,max_divers_per_boat,instructor_ratio,ow_price,aow_price,eanx_price,fun_2tank_price,signature_trip_prices,gear_rental,nitrox,fees,refresher_policy,weather_policy,group_rate,leader_free_places,deposit_terms,cancellation_terms,payment_options,price_flag,sources,access_date,confidence,notes
Blue Note Scuba,San Miguel de Cozumel (departs Marina Fonatur),PADI 5 Star ECO Center (per own site title),https://www.bluenotescuba.com,unknown (year-round operator; 8-15 Dec 2026 availability QUOTE NEEDED),"One boat advertised: Cha-Kay 42 ft x 10 ft twin 300 hp; private charter page sells 2-tank charter for up to 10 pax at USD 1,000; a second private-boat option 'from USD 1,100 up to 6 divers' also appears; total fleet size QUOTE NEEDED",10 (charter page); 6 per guide,1 divemaster per 6 divers on fun dives (ADVERTISED snippet); course instructor ratio QUOTE NEEDED,"USD 400 / MXN 7,000 plus PADI eLearning bought from PADI, 3 days (2 shore, 1 boat), gear included, digital card; a second snippet shows USD 300 / MXN 5,500 'if eLearning completed before arrival' - conflicting, QUOTE NEEDED","AOW incl. PADI eLearning MXN 10,000 (approx USD 530) (ADVERTISED snippet)",Free EANx course when diving 3+ days (ADVERTISED snippet); stand-alone price unknown,"USD 130 per 2-tank (Viator/Tripadvisor listing, ADVERTISED); 5-day/10-dive package USD 600 / MXN 10,500 (ADVERTISED); 6th day free when 5 booked at regular price; 10% off online with code Mana","Private 2-tank charter USD 1,000 up to 10 pax; private 1-tank night charter USD 800; course bundles from USD 450 plus eLearning; Deep, Drift, Night specialties offered, prices QUOTE NEEDED",unknown (gear included in courses; daily rental price QUOTE NEEDED),"EANx 32/36 available at extra charge, order 24 h ahead; fill price QUOTE NEEDED",Marine park fee USD 15 / MXN 220 per day NOT included (site states prices exclude it; course-page snippet claiming park fees included is superseded by established correction),unknown; refresher price QUOTE NEEDED,Full refund or new date if weather/port closure cancels the dive (ADVERTISED policies page),'Group discounts' advertised on specials page but not quantified; QUOTE NEEDED,unknown; QUOTE NEEDED,Deposits non-refundable within 24 h; details of deposit size QUOTE NEEDED,Full refund up to 48 h before arrival or for weather; inside 48 h refunds only if seats can be refilled; illness/no-show not refunded (ADVERTISED),Online booking (code Mana 10% off); per-participant links QUOTE NEEDED,ADVERTISED (snippet),https://www.bluenotescuba.com/cozumel-diving-prices ; https://www.bluenotescuba.com/open-water-diver ; https://www.bluenotescuba.com/advanced-open-water-diver ; https://www.bluenotescuba.com/enriched-air-diver ; https://www.bluenotescuba.com/private-dive-charter ; https://www.bluenotescuba.com/our-boat ; https://www.bluenotescuba.com/policies ; https://www.bluenotescuba.com/specials ; https://www.viator.com/tours/Cozumel/2-Tank-Morning-Dive-For-Certified-Divers/d632-346995P2,2026-09-21,medium,"Best-documented prices; capacity is the weak point (one 42-ft boat, 10 pax charter). Ask whether they subcontract boats for 20-40 pax."
Blue Magic Scuba,San Miguel de Cozumel (downtown; Blue Magic Suites/Hostel; Hotel Plaza Cozumel package),PADI 5 Star IDC Center (per own site),https://www.bluemagicscuba.com,"unknown (dive-and-stay packages priced for Apr 1-Dec 15 2026 and Dec 21 2026-Mar 31 2027, so 8-15 Dec 2026 falls in a gap between price seasons; QUOTE NEEDED)","Four fast boats (ADVERTISED our-boats page); groups usually 6, never more than 8 per boat",8,unknown; QUOTE NEEDED,"USD 540 / MXN 9,900 (3-4 days, gear + materials + dives included); USD 490 / MXN 8,900 if theory done online first (ADVERTISED snippet)",unknown (5 dives over 2 days; 2 free nights at Blue Magic Dive House with AOW); QUOTE NEEDED,"USD 119 / MXN 2,250 with theory online (ADVERTISED snippet)","Single-day 2-tank price not visible in snippets; QUOTE NEEDED. Packages: 7 nights Hotel Plaza Cozumel + 5 days 2-tank USD 884 pp dbl incl. 16%+5% taxes (brief); USD 1,143 from 21 Dec 2026; 5 nights + 3 days USD 738 (Apr-15 Dec) / USD 761 (from 21 Dec)","Personal Valet Dive service; specialties incl. Deep, Drift, Night, Wreck, EANx (prices QUOTE NEEDED)","USD 30 per day single day; USD 24 per day multi-day (mask, fins, snorkel, BCD, reg, wetsuit) (ADVERTISED)",Nitrox course offered; fill price QUOTE NEEDED,Marine park fee not included (site still says USD 14; now USD 15 / MXN 220),unknown; QUOTE NEEDED,unknown in snippets; QUOTE NEEDED,Group terms exist (see cancellation); group rate QUOTE NEEDED,unknown; QUOTE NEEDED,Deposit required; groups: full refund of deposit less 5% if cancelled 60+ days before arrival; 50% refund 45-30 days; <7 days forfeit deposit (ADVERTISED policy page),As deposit terms; individual cancellations <7 days forfeit deposit,unknown; QUOTE NEEDED,ADVERTISED (snippet),https://www.bluemagicscuba.com/open-water/ ; https://www.bluemagicscuba.com/nitrox/ ; https://www.bluemagicscuba.com/dive-and-stay-packages/ ; https://www.bluemagicscuba.com/our-boats/ ; https://www.bluemagicscuba.com/blue-magic-scuba-policy-terms-and-conditions/ ; https://www.bluemagicscuba.com/blue-magic-scuba-is-for-sale/ ; https://www.padi.com/dive-center/mexico/blue-magic-scuba/,2026-09-21,medium,RISK: a page titled 'Blue Magic Scuba is for Sale' exists on their site (seen 21 Sep 2026) - confirm ownership/continuity for Dec 2026 before paying deposits. Bundles lodging.
Aldora Divers,San Miguel de Cozumel (Calle 5 area; also memoaldora.app),PADI 5 Star Instructor Development Dive Resort (PADI listing snippet),https://www.aldora.com,unknown; QUOTE NEEDED,6 speed boats (twin Yamaha outboards) + one 40-ft diesel boat + utility boat (ADVERTISED); dive groups limited to 6 divers,6 per group (boat max unknown; QUOTE NEEDED),unknown; QUOTE NEEDED,"Approx USD 475 quoted in an older ScubaBoard thread - LEAD ONLY, QUOTE NEEDED",unknown; QUOTE NEEDED,unknown; QUOTE NEEDED,USD 95 2-tank AM; USD 96 twilight 2-tank; 16% federal/state tax NOT included (ADVERTISED prices page),"120 cf HP steel tanks, 70-min minimum dives; night dives any day with min 4 divers; lionfish hunting; blackwater week; 7-night/5-day standard package quoted individually",unknown; QUOTE NEEDED,"Nitrox tank USD 10 (32% or 36%, own Altech fill station) (ADVERTISED)","Marine park fee not included (site says USD 14/day, now USD 15); 16% tax on top of listed prices",Refresher USD 97 (ADVERTISED snippet),unknown; QUOTE NEEDED,Tailored group charters; personalised quotes; group discount QUOTE NEEDED,unknown; QUOTE NEEDED,unknown; QUOTE NEEDED,48 h notice no charge; <12 h notice charged full trip; card refunds 12-20 working days (ADVERTISED policies),Card and cash; per-participant links QUOTE NEEDED,ADVERTISED (snippet),https://www.aldora.com/prices ; https://www.aldora.com/dive_prices.html ; https://www.memoaldora.app/policies ; https://www.memoaldora.app/prices-and-schedules ; https://www.aldora.com/planyourtrip ; https://www.padi.com/dive-center/mexico/aldora-divers/,2026-09-21,medium,Large fleet suits 30-40 certified; teaching capacity for 10-20 beginners QUOTE NEEDED. Prices ex-tax so add 16%.
Sand Dollar Sports,"Carretera Costera Sur km 3.2 (own beach club Sunset Cozumel, coral-restoration shore site)",PADI 5 Star Dive Center; Green Fins certified (per own site),https://sanddollarsports.com,unknown; QUOTE NEEDED,"Fleet of 16 vessels across all watersports, 2-3 per sport (ADVERTISED); dive-boat count and capacity QUOTE NEEDED",unknown; QUOTE NEEDED,unknown; QUOTE NEEDED,"OW course = 3 shore dives at coral-restoration site + 2 boat dives, 3 days, all equipment included; price not visible; QUOTE NEEDED",unknown; QUOTE NEEDED,unknown; QUOTE NEEDED,USD 110 online rate 2-tank incl. equipment (ADVERTISED snippet); multi-day packages 'save on 2+ days' price QUOTE NEEDED,Shore dives max 30 ft (Coral Gardens) used when port closed; SNUBA; reef-restoration tours; Discover Scuba from USD 95,USD 25 per day kit; wetsuit USD 10 per day (ADVERTISED),USD 13 per tank (ADVERTISED),"Marine park fee not included (site says USD 13-14; now USD 15 / MXN 220, USD cash)",PADI Refresher product page exists; price QUOTE NEEDED (island benchmark USD 99),Shore dives/snorkel/land alternatives when Harbour Master closes port; refund terms for closure QUOTE NEEDED,unknown; QUOTE NEEDED,unknown; QUOTE NEEDED,25% deposit to guarantee booking (ADVERTISED FAQ),Dive packages fully refundable 48+ h in advance (ADVERTISED),Online booking; WhatsApp; per-participant links QUOTE NEEDED,ADVERTISED (snippet),https://sanddollarsports.com/activities/cozumel-scuba-diving/ ; https://sanddollarsports.com/product/padi-open-water-certification-course-2-boat-dives/ ; https://sanddollarsports.com/cozumel-scuba-dive-packages/ ; https://sanddollarsports.com/faqs/ ; https://sanddollarsports.com/port-closures-diving-in-cozumel/ ; https://sanddollarsports.com/about-us/ ; https://www.padi.com/dive-center/mexico/sand-dollar-sports/,2026-09-21,medium,Best beginner-training site (own beach + shallow shore dives usable in a norther). Course price is the key gap.
Dive Paradise,"San Miguel de Cozumel; full-service shop at Cozumel Hotel & Resort (Wyndham, 180 rooms) with private pier",PADI Dive Center (listing exists; star rating not confirmed - QUOTE NEEDED),https://diveparadise.com,"unknown; 2026 rates effective 21 Dec 2025 (PDF exists, not readable); QUOTE NEEDED","11 boats: two 44-ft boats (Atlantis, Paradise Diver; 24 max, 16 on regular trips), Cascabel 10 divers, fast boats 6-10 pax (ADVERTISED fleet page + Scuba Diving magazine)",16 guaranteed max on big boats (24 for group charters),1 divemaster per 8 divers on Caribbean trips (ADVERTISED); course ratio QUOTE NEEDED,"Course 2-3 days, 09:00-14:00; base price not visible; extras: PADI manual MXN 1,580-1,660, PIC MXN 960; QUOTE NEEDED","2 days, 5 dives; price QUOTE NEEDED",unknown; QUOTE NEEDED,"Mid-Morning Express MXN 2,100 walk-in (approx USD 120); afternoon 1-tank MXN 1,140; 2-tank morning 08:30-09:00 to 13:00-14:00; price QUOTE NEEDED","Welcome tank shore dive on arrival with packages; Frequent Diver passes; 100 cf tank upgrade MXN 220 / USD 10; night 1-tank; hotel packages (snippet: 7 nights 5 days 2-tank USD 1,595 diver / USD 995 non-diver at Wyndham, season unclear)",Full rental available at Wyndham facility; price QUOTE NEEDED,unknown; QUOTE NEEDED,Marine park fee MXN 225 per dive day (MXN 217 night) collected in cash at check-in (ADVERTISED),Mandatory Refresher if 13-24 months since last dive; Mandatory Tune-up if 25+ months; approx USD 107 (snippet); QUOTE NEEDED,unknown; QUOTE NEEDED,Group trips and Travel Partner programme advertised; rate QUOTE NEEDED,unknown; QUOTE NEEDED,unknown; QUOTE NEEDED,unknown; QUOTE NEEDED,unknown; QUOTE NEEDED,ADVERTISED (snippet),https://diveparadise.com/about-us/our-fleet/ ; https://www.scubadiving.com/dive-paradise-in-class-its-own ; https://diveparadise.com/mid-morning-express/ ; https://diveparadise.com/scuba-diving/cozumel-dive-trips/2-tank-dive-trip/ ; https://diveparadise.com/scuba-diving/cozumel-dive-courses/padi-open-water-diver-certification/ ; https://diveparadise.com/scuba-diving/cozumel-dive-courses/scuba-refresher-review-course/ ; https://diveparadise.com/cozumel-hotel/ ; https://diveparadise.com/wp-content/uploads/2025/10/Diving-Rates-2026-v2.pdf,2026-09-21,medium,Only operator with two 44-ft boats (16 divers each) - the natural fit for 30-40 pax and the best odds of sailing on a marginal norther day. Bundles lodging (Wyndham).
Salty Endeavors,San Miguel de Cozumel (65 Av between 21 and 23); pickups at ~20 piers,SSI dive centre + PADI (SSI listing; teaches PADI too),https://cozumelscuba.com,unknown; QUOTE NEEDED,"Three fast boats, max 6 or 8 divers plus staff (ADVERTISED); trips 08:00 and 13:30 daily, up to 5 dives a day; 25 min to Palancar",8,Six staff instructors (ADVERTISED); ratio QUOTE NEEDED,Four-day full certification programme (2 days if eLearning done); price not visible; QUOTE NEEDED,PADI AOW USD 350; SSI Advanced Adventurer USD 425; both ex-IVA (ADVERTISED),EANx course page exists; price QUOTE NEEDED,"2-tank price not visible; QUOTE NEEDED. 5+ boat trips 5% off, 10+ trips 10% off before tax (ADVERTISED)","Deep Diver, Independent Diver, ecology courses; Playa Azul and all-inclusive dive-resort packages",unknown; QUOTE NEEDED,USD 10 per cylinder (ADVERTISED),Marine park fee not included; 16% IVA added to listed prices,Scuba Refresh product exists; price QUOTE NEEDED,Port-closure explainer page exists; refund terms QUOTE NEEDED,5%/10% multi-trip discounts; group page says contact for group pricing,unknown; QUOTE NEEDED,unknown; QUOTE NEEDED,unknown; QUOTE NEEDED,Web shop (saltyendeavors.com); WhatsApp; per-participant links QUOTE NEEDED,ADVERTISED (snippet),https://cozumelscuba.com/our-boats/ ; https://cozumelscuba.com/fun-diving/ ; https://cozumelscuba.com/open-water-certification/ ; https://cozumelscuba.com/advanced-open-water-scuba-certification/ ; https://cozumelscuba.com/enriched-air-nitrox-scuba-certification/ ; https://cozumelscuba.com/groups/ ; https://cozumelscuba.com/cozumel-port-closure/ ; https://www.scubadiving.com/salty-endeavors-cozumel-redefining-cozumel-dive-vacation,2026-09-21,medium,"Cheapest advertised AOW (USD 350 ex-IVA). 3 boats x 8 = 24 seats per departure, two departures - workable for 20-30 with staggering."
Scuba Club Cozumel,"Beachfront dive resort, San Miguel (own hotel, pier and Scuba-Cozumel dive centre)",PADI dive training offered; rating not confirmed - QUOTE NEEDED,https://scubaclubcozumel.com,unknown; QUOTE NEEDED,"Seven custom-built dive boats with VHF, O2, heads, wide platforms (ADVERTISED dive-boats page); capacity per boat QUOTE NEEDED",unknown; QUOTE NEEDED,unknown; QUOTE NEEDED,unknown; QUOTE NEEDED,unknown; QUOTE NEEDED,unknown; QUOTE NEEDED,Rates page lists USD 95 + tax per person for 1-tank dusk (Palancar) / night (Tormentos) dives (snippet); morning 2-tank rate QUOTE NEEDED,C-53 Felipe Xicotencatl wreck page; dusk and night dives; room-and-dive packages,Rental gear page exists; prices QUOTE NEEDED,unknown; QUOTE NEEDED,Marine park fee and tax extra; QUOTE NEEDED,unknown; QUOTE NEEDED,unknown; QUOTE NEEDED,unknown; QUOTE NEEDED,unknown; QUOTE NEEDED,unknown; QUOTE NEEDED,unknown; QUOTE NEEDED,unknown; QUOTE NEEDED,QUOTE NEEDED,https://scubaclubcozumel.com/index.php/rates ; https://scubaclubcozumel.com/index.php/dive-boats ; https://www.scubaclubcozumel.com/index.php/courses ; https://scubaclubcozumel.com/index.php/felipe-xicotencatl,2026-09-21,low,Only true dive resort on the list (lodging + 7 boats + pier). Almost no prices in snippets; worth an email purely for the 40-pax scenario.
ScubaTony,San Miguel de Cozumel; morning 07:30 and afternoon 13:00 departures,SSI and PADI courses (site); PADI listing not confirmed,https://www.scubatony.com,unknown; QUOTE NEEDED,Three small 6-passenger boats (ADVERTISED),6,unknown; QUOTE NEEDED,"USD 560 (SSI) or USD 650 (PADI) incl. eLearning, all rental gear incl. computer, certification fees, park fees, boat fees and taxes (ADVERTISED snippet)",unknown; QUOTE NEEDED,"Dives on 32% nitrox; course offered, price QUOTE NEEDED","USD 135 per 2-tank; USD 125 per trip if 5+ trips booked; incl. tanks, weights, park fees, taxes, guide (ADVERTISED)",Twilight/night 2-tank USD 145 (USD 140 in package); Discover Scuba 2-tank USD 165,unknown; QUOTE NEEDED,32% EANx; fill price QUOTE NEEDED,Park fee and taxes INCLUDED in listed prices,unknown; QUOTE NEEDED,unknown; QUOTE NEEDED,unknown; QUOTE NEEDED,unknown; QUOTE NEEDED,Deposit via PayPal to confirm (ADVERTISED),<24 h cancellation charged full dive price (not gear/specialty tanks); waived with doctor's note (ADVERTISED),PayPal deposits; per-participant links QUOTE NEEDED,ADVERTISED (snippet),https://www.scubatony.com/ ; https://www.scubatony.com/boatdiving.aspx ; https://www.scubatony.com/scubainstruction.aspx ; https://www.scubatony.com/Privacy-and-Cancellation-Policy ; https://www.tripadvisor.com/Attraction_Review-g150809-d1079235-Reviews-ScubaTony_Cozumel-Cozumel_Yucatan_Peninsula.html,2026-09-21,medium,"Most transparent all-in pricing (park fee + tax included) but only 18 seats per departure - fits the 20-pax scenario, not 30-40."
"Phantom Divers (bull-shark day, BAITED) - Playa del Carmen, optional off-island","Playa del Carmen (mainland; reached by Ultramar/Winjet ferry from Cozumel, 35-45 min)",not checked,https://phantomdivers.com,Bull-shark season Nov-Mar; Dec is mid-season (ADVERTISED); exact Dec 2026 dates QUOTE NEEDED,unknown; QUOTE NEEDED,unknown; QUOTE NEEDED,n/a,n/a,n/a,n/a,"Bull Shark Encounter MXN 3,560 (approx USD 200) incl. conservation bracelet, partial refund if no sharks; gear rental + MXN 440 (approx USD 25); Encounter + Reef 2-tank option price QUOTE NEEDED (ADVERTISED)","BAITED / feeding dive (Phantom describes attracting with bait; 'first dive center to offer' it). Non-baited alternatives seen: Xico Dive Center observation 2-tank MXN 3,000 (approx USD 162) incl. gear; Koox Diving 'we do not feed the sharks', 2-4 pax groups; Scuba Adventours USD 209; Adrenalina from USD 199 (all ADVERTISED snippets)",MXN 440 (Phantom),unknown,Ferry Cozumel-Playa: approx MXN 250 one-way / MXN 500 return (approx USD 12/25) per one 2026 guide; another guide says MXN 280-330 one-way (USD 16-19); sailings roughly hourly from about 06:00-07:00 to 21:00-23:00 (ADVERTISED aggregator snippets; QUOTE NEEDED from ultramarferry.com),"Prerequisite: AOW, or OW with 20+ logged dives, or a check-out dive first; full dark wetsuit; good air and equalisation (ADVERTISED)",unknown; QUOTE NEEDED,unknown; QUOTE NEEDED,n/a,unknown; QUOTE NEEDED,unknown; QUOTE NEEDED,unknown; QUOTE NEEDED,ADVERTISED (snippet),https://phantomdivers.com/shark-diving-tours/bull-shark-encounter/ ; https://phantomdivers.com/shark-diving-tours/bull-shark-diving-information/ ; https://phantomdivers.com/shark-diving-tours/bull-shark-encounter-reef/ ; https://xicodivecenter.com/sharks/ ; https://www.kooxdiving.com/en/activities/bull-shark-diving/ ; https://scubaadventours.com/en/tours/bull-shark-diving-playa-del-carmen.html ; https://www.cancun-trip.com/guides/ferry-to-cozumel/ ; https://www.cozumelcruisetours.com/cozumel-ferry-schedule ; https://ultramarsales.ultramarferry.com/en/ferry-cozumel.php,2026-09-21,medium,OPTIONAL and BAITED. Runs morning and afternoon in season. Beginners fresh from OW are excluded by prerequisites. Dive depth ~25 m (INFERRED from AOW requirement) - respects AOW 30 m limit.
