property,area,platform_or_engine,listing_url,status,checked_how,sleeps,room_layout,total_price_eur_7_nights,price_includes,pp_per_night_eur_at_12,pp_per_night_eur_at_15,breakfast,kitchen,walk_or_bus_to_lift,min_stay_or_changeover,cancellation_policy,checked_at_utc,notes,stars,room_mix_for_10,board,pp_per_night_incl_tax_eur,walk_min_to_lift,sauna_spa,shared_bathrooms
Pension Strolz Markus,Oberdorf (Alte Arlbergstrasse 21),"Deskline (St Anton TVB API, linkKey stanton / db STA)",https://www.stantonamarlberg.com/en/accommodation/search,ON_REQUEST,Deskline price matrix: status 4 = calendar free but enquiry-only (not online-bookable); units probed 1-5; date-specific list price (≥5 doubles free),10+,"Doubles with shower/WC, balcony or terrace; extra bed possible (3 pax)",4340,Deskline 7-night price for 9-16 Jan; excludes €5 pp/n tourist tax (added in pp_per_night_incl_tax_eur); breakfast included,n/a,n/a,yes,no,~0.4 km to Rendlbahn,Sat-Sat shown free,ask,2026-10-08T14:20Z,"UNDER €90. Enquiry only; website markus-strolz.at does not resolve. office@markus-strolz.at, +43 5446 3597",pension (no stars listed),2 doubles + 2 doubles with extra bed (2+2+3+3),B&B (extended breakfast),67.0,6 (Rendlbahn),none listed,no (en-suite)
Hotel Kertess,Gastig (Alte Arlbergstrasse 39),"Deskline (St Anton TVB API, linkKey stanton / db STA); own engine HUGO (hotellogin.cloud)",https://booking.s12.hotellogin.cloud/customer/kertess/booking.php,ON_REQUEST,Deskline price matrix: status 4 = calendar free but enquiry-only (not online-bookable); units probed 1-5; date-specific list price,10+,"Double rooms 20 m2 with shower or bath, third bed possible",5600,Deskline 7-night price for 9-16 Jan; excludes €5 pp/n tourist tax (added in pp_per_night_incl_tax_eur); board not stated,n/a,n/a,probably,no,~0.65 km to Rendlbahn,free on all checked dates,ask,2026-10-08T14:20Z,"UNDER €90 on paper, but Deskline shows the same €240/room/night on every date (a list rate, not live). Own engine is a stateful HUGO wizard, not queried (read-only): check by hand. hotel@kertess.com",4 star,2 doubles + 2 triples,"unclear - hotel serves evening buffets, likely half board; FLAG",85.0,10 (Rendlbahn),"indoor pool, sauna, steam bath",no
Hotel-Garni Mössmer,Dorf (Im Gries 11),"Deskline (St Anton TVB API, linkKey stanton / db STA)",http://www.hotel-moessmer.com ; https://www.stantonamarlberg.com/en/accommodation/search,ON_REQUEST,Deskline price matrix: status 4 = calendar free but enquiry-only (not online-bookable); units probed 1-5; date-specific list price,10+,"Doubles 20 m2; triples 34 m2 (Deluxe, double or triple)",7700,Deskline 7-night price for 9-16 Jan; excludes €5 pp/n tourist tax (added in pp_per_night_incl_tax_eur); breakfast buffet,n/a,n/a,yes,no,~0.4 km to Galzigbahn,Sat-Sat shown free,ask,2026-10-08T14:20Z,"Online it only sells a 5p suite (€6,286); the rooms are on enquiry. info@moessmer.com",4 star (garni),2 doubles + 2 triples,B&B,115.0,6 (Galzigbahn),"sauna, bio-sauna, infrared, steam",no
App./Hotel-Garni Berghof (hotel rooms),Gastig/Oberdorf (Gastigweg 58),"Deskline (St Anton TVB API, linkKey stanton / db STA)",http://www.hotelberghof.info ; https://www.stantonamarlberg.com/en/accommodation/search,AVAILABLE,"Deskline price matrix per room type (9 Jan, 7 nights, units probed 1-5; status 0 = online-bookable) + per-hotel multi-room search confirming the room set (3+3+4 confirmed)",10 (house has many more rooms free),2 doubles 24 m2 with a third normal bed + triple 28 m2 with a fourth normal bed,8038,Deskline 7-night price for 9-16 Jan; excludes €5 pp/n tourist tax (added in pp_per_night_incl_tax_eur); breakfast included,n/a,n/a,yes,no,~0.2 km to Rendlbahn,Sat-Sat OK,see Deskline,2026-10-08T14:20Z,"5 plain doubles instead: €9,060 (€134.4)",hotel garni (stars not listed),2 doubles + extra bed (3+3) + triple + extra bed (4),B&B,119.8,3 (Rendlbahn),sauna,no
Haus Karl Murr (B&B rooms),Dorf (Dorfstrasse 112),"Deskline (St Anton TVB API, linkKey stanton / db STA)",https://www.karl-murr.at ; https://www.stantonamarlberg.com/en/accommodation/search,AVAILABLE,"Deskline price matrix per room type (9 Jan, 7 nights, units probed 1-5; status 0 = online-bookable) + per-hotel multi-room search confirming the room set (2+2+2+2+2 and 2+2+3+3 confirmed)",10-11,"2 doubles without balcony, 2 doubles with balcony, 1 triple with balcony (+ a 2-3p apartment sold B&B)",8365,Deskline 7-night price for 9-16 Jan; excludes €5 pp/n tourist tax (added in pp_per_night_incl_tax_eur); breakfast included,n/a,n/a,yes,no,~0.2 km to Nassereinbahn,Sat-Sat OK,see Deskline booking terms,2026-10-08T14:20Z,"Cheaper with the B&B apartment instead of 2 doubles: 2 doubles + triple + apartment for 3 = €7,448 (€111.4 incl tax)",b&b inn (no stars),4 doubles + triple used by 2,B&B,124.5,3 (Nassereinbahn),none listed,no
Seeberger Haus B&B,Dorf (Dorfstrasse 25),"Deskline (St Anton TVB API, linkKey stanton / db STA)",https://www.seebergerhaus.at ; https://www.stantonamarlberg.com/en/accommodation/search,AVAILABLE,"Deskline price matrix per room type (9 Jan, 7 nights, units probed 1-5; status 0 = online-bookable) + per-hotel multi-room search confirming the room set (2+2+3+3 confirmed)",10,"2 economy doubles 16 m2, family room 41 m2 (3), double 23 m2 with third bed",9320,Deskline 7-night price for 9-16 Jan; excludes €5 pp/n tourist tax (added in pp_per_night_incl_tax_eur); breakfast included,n/a,n/a,yes,no,~0.3 km to Galzigbahn,Sat-Sat OK,,2026-10-08T14:20Z,,b&b inn,2 doubles + family room (3) + double with extra bed (3),B&B,138.1,5 (Galzigbahn),none listed,no
Hotel Dr. Otto Murr,Dorf (Dorfstrasse 122),"Deskline (St Anton TVB API, linkKey stanton / db STA)",http://www.hotel-murr.at ; https://www.stantonamarlberg.com/en/accommodation/search,AVAILABLE,"Deskline price matrix per room type (9 Jan, 7 nights, units probed 1-5; status 0 = online-bookable) + per-hotel multi-room search confirming the room set (2+2+3+3 confirmed; rates BB)",11,"deluxe doubles 15 m2 (3 free), twin 20 m2 (3 pax), double 40 m2 (3 pax), suite 40 m2 (3 pax)",9950,Deskline 7-night price for 9-16 Jan; excludes €5 pp/n tourist tax (added in pp_per_night_incl_tax_eur); breakfast included,n/a,n/a,yes,no,~0.1 km to Nassereinbahn,Sat-Sat OK,,2026-10-08T14:20Z,,4 star,2 deluxe doubles + twin for 3 + double for 3,B&B,147.1,2 (Nassereinbahn),"indoor pool, sauna, infrared",no
Hotel-Garni Albona,Oberdorf (Alte Arlbergstrasse 24),"Deskline (St Anton TVB API, linkKey stanton / db STA)",https://www.stantonamarlberg.com/en/accommodation/search,ON_REQUEST,Deskline price matrix: status 4 = calendar free but enquiry-only (not online-bookable); units probed 1-5; date-specific list price (one triple online),10,doubles for 3 + doubles,10430,Deskline 7-night price for 9-16 Jan; excludes €5 pp/n tourist tax (added in pp_per_night_incl_tax_eur),n/a,n/a,yes,no,~0.1 km,,,2026-10-08T14:20Z,Just over €150,hotel garni,2 doubles for 3 + 2 doubles,B&B,154.0,2 (Rendlbahn),"sauna, steam bath, wellness area",no
Hotel-Garni Europa,Dorf (Dorfstrasse 132),"Deskline (St Anton TVB API, linkKey stanton / db STA)",https://www.stantonamarlberg.com/en/accommodation/search,AVAILABLE,"Deskline price matrix per room type (9 Jan, 7 nights, units probed 1-5; status 0 = online-bookable) + per-hotel multi-room search confirming the room set (5 doubles confirmed)",10,5 doubles 30 m2,10920,Deskline 7-night price for 9-16 Jan; excludes €5 pp/n tourist tax (added in pp_per_night_incl_tax_eur); breakfast included,n/a,n/a,yes,no,~50 m,,,2026-10-08T14:20Z,Over €150,4 star,5 doubles,B&B,161.0,1 (Nassereinbahn),"sauna, steam bath",no
Pension Sattelkopf (Stadle),Dorf/Stadle,"Deskline (St Anton TVB API, linkKey stanton / db STA)",https://www.stantonamarlberg.com/en/accommodation/search,AVAILABLE,"Deskline price matrix per room type (9 Jan, 7 nights, units probed 1-5; status 0 = online-bookable) + per-hotel multi-room search confirming the room set",10+,,11454,Deskline 7-night price for 9-16 Jan; excludes €5 pp/n tourist tax (added in pp_per_night_incl_tax_eur),n/a,n/a,,,,,,2026-10-08T14:20Z,Over €150 - reference,pension,5 doubles,B&B or HB (check),168.6,20 (Rendlbahn),,
App./Hotel-Garni Rundeck,Dorf/Stadle,"Deskline (St Anton TVB API, linkKey stanton / db STA)",https://www.stantonamarlberg.com/en/accommodation/search,AVAILABLE,"Deskline price matrix per room type (9 Jan, 7 nights, units probed 1-5; status 0 = online-bookable) + per-hotel multi-room search confirming the room set",10+,,12880,Deskline 7-night price for 9-16 Jan; excludes €5 pp/n tourist tax (added in pp_per_night_incl_tax_eur),n/a,n/a,,,,,,2026-10-08T14:20Z,Over €150 - reference,4 star,2 twins + 2 doubles for 3,B&B or HB (check),189.0,4 (Galzigbahn),,
Small Luxury Boutique Hotel Himmlhof,Dorf/Stadle,"Deskline (St Anton TVB API, linkKey stanton / db STA)",https://www.stantonamarlberg.com/en/accommodation/search,AVAILABLE,"Deskline price matrix per room type (9 Jan, 7 nights, units probed 1-5; status 0 = online-bookable) + per-hotel multi-room search confirming the room set",10+,,15050,Deskline 7-night price for 9-16 Jan; excludes €5 pp/n tourist tax (added in pp_per_night_incl_tax_eur),n/a,n/a,,,,,,2026-10-08T14:20Z,Over €150 - reference,4 star,double + 2 four-bed rooms,B&B or HB (check),220.0,6 (Galzigbahn),,
Hotel Grieshof,Dorf/Stadle,"Deskline (St Anton TVB API, linkKey stanton / db STA)",https://www.stantonamarlberg.com/en/accommodation/search,AVAILABLE,"Deskline price matrix per room type (9 Jan, 7 nights, units probed 1-5; status 0 = online-bookable) + per-hotel multi-room search confirming the room set",10+,,16523,Deskline 7-night price for 9-16 Jan; excludes €5 pp/n tourist tax (added in pp_per_night_incl_tax_eur),n/a,n/a,,,,,,2026-10-08T14:20Z,Over €150 - reference,4 star,double + 2 rooms for 4,B&B or HB (check),241.0,5 (Galzigbahn),,
Hotel Post,Dorf/Stadle,"Deskline (St Anton TVB API, linkKey stanton / db STA)",https://www.stantonamarlberg.com/en/accommodation/search,AVAILABLE,"Deskline price matrix per room type (9 Jan, 7 nights, units probed 1-5; status 0 = online-bookable) + per-hotel multi-room search confirming the room set",10+,,17500,Deskline 7-night price for 9-16 Jan; excludes €5 pp/n tourist tax (added in pp_per_night_incl_tax_eur),n/a,n/a,,,,,,2026-10-08T14:20Z,Over €150 - reference,4 star,5 doubles,B&B or HB (check),255.0,4 (Galzigbahn),,
Landhaus Albert Murr,Dorf/Stadle,"Deskline (St Anton TVB API, linkKey stanton / db STA)",https://www.stantonamarlberg.com/en/accommodation/search,AVAILABLE,"Deskline price matrix per room type (9 Jan, 7 nights, units probed 1-5; status 0 = online-bookable) + per-hotel multi-room search confirming the room set",10+,,17654,Deskline 7-night price for 9-16 Jan; excludes €5 pp/n tourist tax (added in pp_per_night_incl_tax_eur),n/a,n/a,,,,,,2026-10-08T14:20Z,Over €150 - reference,3 star,2 family rooms + junior suite,B&B or HB (check),257.2,8 (Galzigbahn),,
m3 Hotel,Dorf/Stadle,"Deskline (St Anton TVB API, linkKey stanton / db STA)",https://www.stantonamarlberg.com/en/accommodation/search,AVAILABLE,"Deskline price matrix per room type (9 Jan, 7 nights, units probed 1-5; status 0 = online-bookable) + per-hotel multi-room search confirming the room set",10+,,18467,Deskline 7-night price for 9-16 Jan; excludes €5 pp/n tourist tax (added in pp_per_night_incl_tax_eur),n/a,n/a,,,,,,2026-10-08T14:20Z,Over €150 - reference,4 star,2 doubles + 2 triples,B&B or HB (check),268.8,5 (Galzigbahn),,
Hotel Schwarzer Adler,Dorf/Stadle,"Deskline (St Anton TVB API, linkKey stanton / db STA)",https://www.stantonamarlberg.com/en/accommodation/search,AVAILABLE,"Deskline price matrix per room type (9 Jan, 7 nights, units probed 1-5; status 0 = online-bookable) + per-hotel multi-room search confirming the room set",10+,,19598,Deskline 7-night price for 9-16 Jan; excludes €5 pp/n tourist tax (added in pp_per_night_incl_tax_eur),n/a,n/a,,,,,,2026-10-08T14:20Z,Over €150 - reference,4 star superior,Adler apartment 5 + double + triple,B&B or HB (check),285.0,6 (Galzigbahn),,
Anthony's Life & Style Hotel,Dorf/Stadle,"Deskline (St Anton TVB API, linkKey stanton / db STA)",https://www.stantonamarlberg.com/en/accommodation/search,AVAILABLE,"Deskline price matrix per room type (9 Jan, 7 nights, units probed 1-5; status 0 = online-bookable) + per-hotel multi-room search confirming the room set",10+,,24097,Deskline 7-night price for 9-16 Jan; excludes €5 pp/n tourist tax (added in pp_per_night_incl_tax_eur),n/a,n/a,,,,,,2026-10-08T14:20Z,Over €150 - reference,4 star,3 doubles + family room,B&B or HB (check),349.2,2 (Galzigbahn),,
Hotel Alte Post,Dorf/Stadle,"Deskline (St Anton TVB API, linkKey stanton / db STA)",https://www.stantonamarlberg.com/en/accommodation/search,AVAILABLE,"Deskline price matrix per room type (9 Jan, 7 nights, units probed 1-5; status 0 = online-bookable) + per-hotel multi-room search confirming the room set",10+,,25904,Deskline 7-night price for 9-16 Jan; excludes €5 pp/n tourist tax (added in pp_per_night_incl_tax_eur),n/a,n/a,,,,,,2026-10-08T14:20Z,Over €150 - reference,4 star superior,double + 2 suites for 4,B&B or HB (check),375.1,3 (Galzigbahn),,
Hotel-Garni Skihotel Galzig,Dorf (Hannes-Schneider-Weg 5),Own engine (OnePageBooking/HotelNetSolutions),https://www.skihotelgalzig.at/buchen/,AVAILABLE_PARTIAL,OPB RatePlan calendar per room type (public token),7,,9128,Deskline 7-night price for 9-16 Jan; excludes €5 pp/n tourist tax (added in pp_per_night_incl_tax_eur),n/a,n/a,,,,,,2026-10-08T14:15Z,"Own engine (OnePageBooking calendar per room type), checked 14:15Z: the junior suite seen on 5 Oct is now gone; Kapall/Galzig suites, Economy and Komfort doubles booked. Only 3 hotel beds left",4 star,"cannot reach 10: only 1 Komfort double with extra bed (3) €2,548 + 'Valluga on Top' flat in Galzig Lodge (4) €6,580",B&B,n/a,1 (Galzigbahn),"sauna, steam",no
Apart/Hotel-Garni Patteriol,Oberdorf (Brandliweg 8),"Deskline (St Anton TVB API, linkKey stanton / db STA)",https://www.stantonamarlberg.com/en/accommodation/search,AVAILABLE_PARTIAL,"Deskline price matrix per room type (9 Jan, 7 nights, units probed 1-5; status 0 = online-bookable) + per-hotel multi-room search confirming the room set",6 in rooms,,4326,Deskline 7-night price for 9-16 Jan; excludes €5 pp/n tourist tax (added in pp_per_night_incl_tax_eur),n/a,n/a,,,,,,2026-10-08T14:20Z,,3 star,"cannot reach 10: only 2 doubles with extra bed (3+3) as rooms; 10 only with the 2-bedroom Apartment 3 (€6,997 total, €105.0 incl tax; flat is room-only)",B&B,n/a,5 (Rendlbahn),"sauna, steam, infrared",no
Pension Fallesin,Dorf (Dorfstrasse 69),"Deskline (St Anton TVB API, linkKey stanton / db STA)",https://www.stantonamarlberg.com/en/accommodation/search,AVAILABLE_PARTIAL,"Deskline price matrix per room type (9 Jan, 7 nights, units probed 1-5; status 0 = online-bookable) + per-hotel multi-room search confirming the room set",6,,4074,Deskline 7-night price for 9-16 Jan; excludes €5 pp/n tourist tax (added in pp_per_night_incl_tax_eur),n/a,n/a,,,,,,2026-10-08T14:20Z,€63 pp/n incl tax for 6 - too few rooms,pension,cannot reach 10: 3 doubles (enquiry),B&B,n/a,7 (Nassereinbahn),none,no
Piltriquitron Lodging,Dorf (Kirchgasse 10),"Deskline (St Anton TVB API, linkKey stanton / db STA)",https://www.stantonamarlberg.com/en/accommodation/search,AVAILABLE_PARTIAL,"Deskline price matrix per room type (9 Jan, 7 nights, units probed 1-5; status 0 = online-bookable) + per-hotel multi-room search confirming the room set",7,,7135,Deskline 7-night price for 9-16 Jan; excludes €5 pp/n tourist tax (added in pp_per_night_incl_tax_eur),n/a,n/a,,,,,,2026-10-08T14:20Z,,b&b,cannot reach 10: single + 3 doubles/twins (enquiry),B&B,n/a,8 (Nassereinbahn),none,no
App./Pension Eiter Pepi (B&B rooms),Oberdorf (Alte Arlbergstrasse 34),"Deskline (St Anton TVB API, linkKey stanton / db STA)",https://www.stantonamarlberg.com/en/accommodation/search,AVAILABLE_PARTIAL,"Deskline price matrix per room type (9 Jan, 7 nights, units probed 1-5; status 0 = online-bookable) + per-hotel multi-room search confirming the room set",6,,5204,Deskline 7-night price for 9-16 Jan; excludes €5 pp/n tourist tax (added in pp_per_night_incl_tax_eur),n/a,n/a,,,,,,2026-10-08T14:20Z,,3 star,cannot reach 10: 3 doubles,B&B,n/a,3 (Rendlbahn),sauna,no
App./Hotel-Garni Bergheim (rooms),Oberdorf (Alte Arlbergstrasse 1),"Deskline (St Anton TVB API, linkKey stanton / db STA)",https://www.stantonamarlberg.com/en/accommodation/search,AVAILABLE_PARTIAL,"Deskline price matrix per room type (9 Jan, 7 nights, units probed 1-5; status 0 = online-bookable) + per-hotel multi-room search confirming the room set",9,,16118,Deskline 7-night price for 9-16 Jan; excludes €5 pp/n tourist tax (added in pp_per_night_incl_tax_eur),n/a,n/a,,,,,,2026-10-08T14:20Z,"€4,039 per double - expensive",hotel garni,cannot reach 10: 3 doubles + suite for 3,RO or B&B,n/a,1 (Rendlbahn),,no
Pension Bergkristall,Oberdorf (Brandliweg 6),"Deskline (St Anton TVB API, linkKey stanton / db STA)",https://www.stantonamarlberg.com/en/accommodation/search,AVAILABLE_PARTIAL,"Deskline price matrix per room type (9 Jan, 7 nights, units probed 1-5; status 0 = online-bookable) + per-hotel multi-room search confirming the room set",3 in rooms,,2734,Deskline 7-night price for 9-16 Jan; excludes €5 pp/n tourist tax (added in pp_per_night_incl_tax_eur),n/a,n/a,,,,,,2026-10-08T14:20Z,,pension,cannot reach 10: only the triple room (plus a 6-8p apartment),B&B,n/a,5 (Rendlbahn),wellness area 3x/week,no
App./Pension Falch Roman (B&B rooms),Oberdorf (Alte Arlbergstrasse 5),"Deskline (St Anton TVB API, linkKey stanton / db STA)",https://www.stantonamarlberg.com/en/accommodation/search,AVAILABLE_PARTIAL,"Deskline price matrix per room type (9 Jan, 7 nights, units probed 1-5; status 0 = online-bookable) + per-hotel multi-room search confirming the room set",5,,4480,Deskline 7-night price for 9-16 Jan; excludes €5 pp/n tourist tax (added in pp_per_night_incl_tax_eur),n/a,n/a,,,,,,2026-10-08T14:20Z,,pension,cannot reach 10: triple + double,B&B,n/a,1 (Rendlbahn),,no
App./Hotel-Garni Senn (B&B rooms),Dorf (Dorfstrasse 91),"Deskline (St Anton TVB API, linkKey stanton / db STA)",https://www.stantonamarlberg.com/en/accommodation/search,AVAILABLE_PARTIAL,"Deskline price matrix per room type (9 Jan, 7 nights, units probed 1-5; status 0 = online-bookable) + per-hotel multi-room search confirming the room set",5,,3654,Deskline 7-night price for 9-16 Jan; excludes €5 pp/n tourist tax (added in pp_per_night_incl_tax_eur),n/a,n/a,,,,,,2026-10-08T14:20Z,,hotel garni,cannot reach 10: double for 3 + double,B&B,n/a,2 (Nassereinbahn),,no
Haus Kandahar,Oberdorf (Alte Arlbergstrasse 6),"Deskline (St Anton TVB API, linkKey stanton / db STA)",https://www.stantonamarlberg.com/en/accommodation/search,AVAILABLE_PARTIAL,"Deskline price matrix per room type (9 Jan, 7 nights, units probed 1-5; status 0 = online-bookable) + per-hotel multi-room search confirming the room set",4,,2960,Deskline 7-night price for 9-16 Jan; excludes €5 pp/n tourist tax (added in pp_per_night_incl_tax_eur),n/a,n/a,,,,,,2026-10-08T14:20Z,,b&b,cannot reach 10: 2 doubles,B&B,n/a,1 (Rendlbahn),,no
Hotel-Garni PETE,Dorf (Dorfstrasse 17),"Deskline (St Anton TVB API, linkKey stanton / db STA)",https://www.stantonamarlberg.com/en/accommodation/search,AVAILABLE_PARTIAL,"Deskline price matrix per room type (9 Jan, 7 nights, units probed 1-5; status 0 = online-bookable) + per-hotel multi-room search confirming the room set",4,,4520,Deskline 7-night price for 9-16 Jan; excludes €5 pp/n tourist tax (added in pp_per_night_incl_tax_eur),n/a,n/a,,,,,,2026-10-08T14:20Z,,hotel garni,cannot reach 10: 1 junior suite for 4,B&B,n/a,3 (Galzigbahn),,no
Pension Giglmaier,Gand (Ganderweg 7) - OUTSIDE requested area,"Deskline (St Anton TVB API, linkKey stanton / db STA)",https://www.stantonamarlberg.com/en/accommodation/search,ON_REQUEST,Deskline price matrix: status 4 = calendar free but enquiry-only (not online-bookable); units probed 1-5; date-specific list price,10+,3 doubles + 4-bed room,4078,Deskline 7-night price for 9-16 Jan; excludes €5 pp/n tourist tax (added in pp_per_night_incl_tax_eur),n/a,n/a,,,,,,2026-10-08T14:20Z,Cheapest seen (€63.3) but outside St Anton village; listed for reference only,pension,3 doubles + 4-bed room,B&B,63.3,"far (Gand, est. 30-40 min / bus)",,no
Pension Westreicher Otto,Dorf (Dorfstrasse 49),none - phone only,https://www.pension-westreicher.at/ (proxy 502),ON_REQUEST,"Website unreachable, DNS fails for other variants; old Deskline ID 9d774ae5 returns nothing (delisted); directories list ~7 rooms / 12 beds, B&B from ~€58 pp",~12 (directory),,,,n/a,n/a,,,,,,2026-10-08T14:20Z,"FLAG: phone only, +43 5446 3282",2 star (directory),,B&B (directory),,"~4 (Galzigbahn, est.)",sauna (directory),
"Booking.com search, St Anton hotels, 9-16 Jan, 10 adults",St Anton,Booking.com,https://www.booking.com/searchresults.html?ss=St.+Anton+am+Arlberg&checkin=2027-01-09&checkout=2027-01-16&group_adults=10&no_rooms=5&nflt=ht_id%3D204,UNKNOWN,curl gets a JavaScript challenge page (HTTP 202); no date-specific price reachable without a browser,,,,,n/a,n/a,,,,,,2026-10-08T14:20Z,check by hand,,,,,,,
