property,area,platform_or_engine,listing_url,status,checked_how,sleeps,room_layout,total_price_eur_7_nights,price_includes,pp_per_night_eur_at_12,pp_per_night_eur_at_15,breakfast,kitchen,walk_or_bus_to_lift,min_stay_or_changeover,cancellation_policy,checked_at_utc,notes,type,beds_vs_sofabeds,board,pp_per_night_incl_tax_eur,walk_min_to_lift,sauna_spa,booking_link
Pension Christian Strolz - Apart Riffler,"Nasserein, Ing.-Gomperz-Weg 11",Own engine HUGO hotellogin.cloud (also Deskline 2478.12),https://booking.s8.hotellogin.cloud/customer/pensionstrolz/booking.php,AVAILABLE,"Own engine via curl 8 Oct, 6 adults, 9-16 Jan",6,"75 m2 (basement): 2 bedrooms + living room with sofa bed, fitted kitchen with dishwasher, shower/WC",2406,Excl. EUR 5 pp/night tourist tax (added in pp column); cleaning included unless noted; no booking fee (final cleaning included per owner),n/a,n/a,Optional (pension breakfast in house),Yes,~650 m to Nassereinbahn; bus stop nearby,Sat 9 - Sat 16 Jan bookable,"3-1 months 40%, 1 month-7 days 80%, last week 100%",2026-10-08T15:25Z,UNDER EUR 75. Cheapest flat for 6.,flat,4 beds + 2 on sofa bed,Self-catering,62.29,10-11 (Nassereinbahn),No,https://booking.s8.hotellogin.cloud/customer/pensionstrolz/booking.php
ArtApart - Kunstatelier & Apartments: 3.5-room flat,"Rafalt (Nasserein/St Jakob edge), St. Jakober Dorfstrasse 5",TVB Deskline,https://www.stantonamarlberg.com/en/accommodation,AVAILABLE,"Deskline DW5 API sweep 8 Oct: single unit for 1-7 adults + 2-3 units x 1-3 adults, 9-16 Jan, Nasserein district + Nasserein-area coordinates",6,"65 m2: 2 bedrooms, open living room with sofa bed, kitchen, 2 shower/WC, sunny balcony",2646,Excl. EUR 5 pp/night tourist tax (added in pp column); cleaning included unless noted; no booking fee,n/a,n/a,No,Yes,~630 m to Nassereinbahn,Sat 9 - Sat 16 Jan bookable,,2026-10-08T15:25Z,"UNDER EUR 75. House rule: group bookings of 6 adults maximum, so exactly fits. St Jakob side of Nasserein.",flat,4 beds + 2 on sofa bed,Self-catering,68.00,10 (Nassereinbahn),"Sauna, steam bath, infrared (house)",http://www.artapart.at
Mountain Spa Residences - Classic 2-bedroom flat,"Upper Nasserein, Ing.-Gomperz-Weg 15 (aparthotel)",SiteMinder rates API (direct-book.com),https://direct-book.com/properties/mountainsparesidencesdirect?locale=en&currency=EUR&checkInDate=2027-01-09&checkOutDate=2027-01-16,AVAILABLE,"app.thebookingbutton.com rates.json 8 Oct: Classic 2-bed max 6, 2 free, EUR 475/night",6,"68.5 m2: 2 bedrooms with Austrian twin (double frame, 2 mattresses), 2 bathrooms, living room with single sofa bed + folding bed, Miele kitchen",3325 + end cleaning,"Incl. VAT; EXCL. end cleaning (EUR 185-500 per flat, platforms agent, not re-verified) and tourist tax",n/a,n/a,No (restaurant on site),Yes,~600 m straight-line / 800 m by road downhill; free house shuttle,"Sat-Sat, exactly 7 nights",100% charged 42 days before arrival; EUR 500 deposit,2026-10-08T15:25Z,"Superior 2-bed (EUR 3,724) also has 2 free.",flat,4 beds + 1 sofa bed + 1 folding bed,Self-catering,84.17 + cleaning,11 down / ~15 up (Nassereinbahn; shuttle),"Indoor/outdoor pool, saunas",https://direct-book.com/properties/mountainsparesidencesdirect?locale=en&currency=EUR&checkInDate=2027-01-09&checkOutDate=2027-01-16
App./Hotel-Garni Senn - flat for 4-6,"Dorfstrasse 91, Nasserein end ('Dorf' on Deskline)",TVB Deskline (own site: Easybooking),https://www.stantonamarlberg.com/en/accommodation,AVAILABLE,"Deskline DW5 API sweep 8 Oct: single unit for 1-7 adults + 2-3 units x 1-3 adults, 9-16 Jan, Nasserein district + Nasserein-area coordinates",6,"75 m2: 2 double bedrooms, sitting room with couch for 2, separate kitchen, bath + shower + extra WC, large balcony",3466,Excl. EUR 5 pp/night tourist tax (added in pp column); cleaning included unless noted; no booking fee (cleaning 50 inside the total),n/a,n/a,Bookable (garni),Yes,~100 m to Nassereinbahn,Sat 9 - Sat 16 Jan bookable,,2026-10-08T15:25Z,Closest of the cheap flats. The St Anton list may repeat it.,flat,4 beds + 2 on couch,Self-catering,87.52,2 (Nassereinbahn),"Sauna, biosauna, infrared",https://www.sennhotel.at
Mountain Spa Residences - Superior 2-bedroom flat,"Upper Nasserein, Ing.-Gomperz-Weg 15",SiteMinder rates API,https://direct-book.com/properties/mountainsparesidencesdirect?locale=en&currency=EUR&checkInDate=2027-01-09&checkOutDate=2027-01-16,AVAILABLE,"rates.json 8 Oct: max 6, 2 free, EUR 532/night",6,"68.7 m2: 2 bedrooms (Austrian twins), 2 bathrooms, single sofa bed + folding bed, balcony",3724 + end cleaning,Incl. VAT; excl. cleaning and tax,n/a,n/a,,Yes,,"Sat-Sat, 7 nights",,2026-10-08T15:25Z,,flat,4 beds + 1 sofa + 1 folding,Self-catering,93.67 + cleaning,11 down / ~15 up,"Pools, saunas",https://direct-book.com/properties/mountainsparesidencesdirect?locale=en&currency=EUR&checkInDate=2027-01-09&checkOutDate=2027-01-16
Bachmann Appartements - flat for 4-6,"Dorfstrasse 118 ('Dorf'), ~165 m from Nassereinbahn",TVB Deskline,https://www.stantonamarlberg.com/en/accommodation,AVAILABLE,"Deskline DW5 API sweep 8 Oct: single unit for 1-7 adults + 2-3 units x 1-3 adults, 9-16 Jan, Nasserein district + Nasserein-area coordinates",6,"90 m2: 2 bedrooms for 2, living room with tile stove and couch for 2, separate kitchen, bath + shower, balcony/garden",3836.28,Excl. EUR 5 pp/night tourist tax (added in pp column); cleaning included unless noted; no booking fee,n/a,n/a,,Yes,,Sat 9 - Sat 16 Jan bookable,,2026-10-08T15:25Z,,flat,4 beds + 2 on sofa bed,Self-catering,96.34,3 (Nassereinbahn),"Sauna, aroma steam, infrared",https://www.apart-bachmann.at
App./Hotel-Garni San Antonio - Apartment 12 or Apartment 15,"Nasserein, Nassereinerstrasse 38",Own engine HUGO hotellogin.cloud (also Deskline 5002.20),https://booking.s11.hotellogin.cloud/customer/antonio/booking.php,AVAILABLE,"Own engine via curl 8 Oct, 6 adults: Apt 12 (89 m2) and Apt 15 (98 m2) each EUR 4,740",6-7 each,"Apt 12: 3 double rooms (one canopy bed), living room with sofa bed, kitchenette, bath + shower + WC, balcony. Apt 15: 2 doubles + triple, 3 shower/WC",4740 direct (Deskline 5002.20),Incl. taxes; final cleaning EUR 70-105 may be extra on the direct rate (own price page); tourist tax extra,n/a,n/a,,Yes,~390 m,Sat 9 - Sat 16 Jan bookable,"40% from 90 days, 90% from 30 days, 100% from 14 days; ~40% deposit",2026-10-08T15:25Z,All 6 in real beds.,flat,6 beds (+1 sofa bed spare),Self-catering,117.86 (Deskline 124.10),6 (Nassereinbahn),"Sauna, steam bath, fitness",https://booking.s11.hotellogin.cloud/customer/antonio/booking.php
Appartement Biwak - Top1,"Nasserein, Nassereinergasse 11, beside the lift",TVB Deskline,https://www.stantonamarlberg.com/en/accommodation,AVAILABLE,"Deskline DW5 API sweep 8 Oct: single unit for 1-7 adults + 2-3 units x 1-3 adults, 9-16 Jan, Nasserein district + Nasserein-area coordinates",6,"2 double rooms, 2 shower/WC, eat-in kitchen, balcony, double sofa bed",4795,Excl. EUR 5 pp/night tourist tax (added in pp column); cleaning included unless noted; no booking fee,n/a,n/a,,Yes,,Sat 9 - Sat 16 Jan bookable,,2026-10-08T15:25Z,,flat,4 beds + 2 on sofa bed,Self-catering,119.17,1 (Nassereinbahn),No,https://www.intersport-arlberg.com/de/partner/biwak-appartement/reservierung
Mountain Spa Residences - Deluxe 3-bedroom penthouse,Upper Nasserein,SiteMinder rates API,https://direct-book.com/properties/mountainsparesidencesdirect?locale=en&currency=EUR&checkInDate=2027-01-09&checkOutDate=2027-01-16,AVAILABLE,"rates.json 8 Oct: max 8, 1 free, EUR 925/night",8,"134.85 m2 top floor: 3 bedrooms with Austrian twins, sofa bed + folding bed",6475 + cleaning,Incl. VAT; excl. cleaning and tax,n/a,n/a,,Yes,,Sat 9 - Sat 16 Jan bookable,,2026-10-08T15:25Z,Over EUR 120.,flat,6 beds,Self-catering,159.17 + cleaning,11/15,"Pools, saunas",https://direct-book.com/properties/mountainsparesidencesdirect?locale=en&currency=EUR&checkInDate=2027-01-09&checkOutDate=2027-01-16
Appartement Val Sula - flats Gampen / Galzig / Maiensee (advertised 4-7),"Nasserein, Nassereinerstrasse 25",TVB Deskline (own Easybooking returns no 2027 results),https://www.valsula.at/en/book-online-apartments/,ON_REQUEST,"Deskline DW5 API sweep 8 Oct: single unit for 1-7 adults + 2-3 units x 1-3 adults, 9-16 Jan, Nasserein district + Nasserein-area coordinates: all 6 flats free but online max 5 per flat (5-person prices: Maiensee 3255, Galzig 3451, Gampen 3710)",5 online; owner advertises 4-7,"70 m2: double + twin room, living room with double sofa bed, 2 shower/WC",~3255-3710 for 5 online; 6 must be asked,Excl. EUR 5 pp/night tourist tax (added in pp column); cleaning included unless noted; no booking fee,n/a,n/a,,Yes,,Sat 9 - Sat 16 Jan bookable,,2026-10-08T15:25Z,Ask valsula@st-anton.at for 6 (4 beds + 2 sofa bed).,flat,4 beds + 2 sofa bed,Self-catering,n/a (6 not bookable online),4 (Nassereinbahn),No,https://www.valsula.at
Pension Christian Strolz - family room Galzig + double Rendl,"Nasserein, Ing.-Gomperz-Weg 11",Own engine HUGO hotellogin.cloud,https://booking.s8.hotellogin.cloud/customer/pensionstrolz/booking.php,AVAILABLE,"Own engine 8 Oct: Galzig 1916 (4), Rendl 1005 (2)",7,"Galzig: 2 bedrooms (double + 2 singles) + sofa bed, balcony; Rendl: double + sofa bed, balcony; private shower/WC",2921 (Deskline 3008.70),Breakfast included; EXCL. EUR 5 pp/night tourist tax (added in pp column),n/a,n/a,Yes,No,~650 m,Sat 9 - Sat 16 Jan bookable,"3-1 months 40%, 1 month-7 days 80%, last week 100%",2026-10-08T15:25Z,UNDER EUR 75. Cheapest B&B for 6. Riffler flat in the same house as an alternative.,hotel (pension),6 beds,B&B,74.55,10-11 (Nassereinbahn),No,https://booking.s8.hotellogin.cloud/customer/pensionstrolz/booking.php
App./Pension Bacherhof (3-star garni),"Bach, St. Jakober Dorfstrasse 27 (Nasserein/St Jakob edge)",Own engine HUGO hotellogin.cloud (also Deskline 3246.50),https://booking.s6.hotellogin.cloud/customer/strolz/booking.php,AVAILABLE,"Own engine 8 Oct: triple 1575 for 3, double 1050 for 2; 'keine Zimmer' for 6 in one room",12 (3 doubles + 2 triples),2 triples (double + single) or 3 doubles; private shower/WC,3150,Breakfast included; EXCL. EUR 5 pp/night tourist tax (added in pp column) (direct board assumed B&B as on Deskline; confirm),n/a,n/a,Yes,No,~925 m / ski bus,Sat 9 - Sat 16 Jan bookable,,2026-10-08T15:25Z,The St Jakob list may repeat it.,hotel (garni),6 beds,B&B,80.00,15 (Nassereinbahn) / bus,No,https://booking.s6.hotellogin.cloud/customer/strolz/booking.php
Pension Baeren,"Nasserein, Nassereinerstrasse 19",TVB Deskline,https://www.stantonamarlberg.com/en/accommodation,AVAILABLE,"Deskline DW5 API sweep 8 Oct: single unit for 1-7 adults + 2-3 units x 1-3 adults, 9-16 Jan, Nasserein district + Nasserein-area coordinates",12,3 twins (or doubles) with washbasin; 2 hallway showers + 2 WCs,3171,Breakfast included; EXCL. EUR 5 pp/night tourist tax (added in pp column),n/a,n/a,Yes,No,"~170 m, by the piste",Sat 9 - Sat 16 Jan bookable,,2026-10-08T15:25Z,Shared bathrooms.,hotel (pension),6 beds,B&B,80.50,3 (Nassereinbahn),No,https://www.baeren-stanton.at
Haus Karl Murr (B&B rooms),"Dorfstrasse 112 ('Dorf'), ~200 m",TVB Deskline,https://www.stantonamarlberg.com/en/accommodation,AVAILABLE,"Deskline DW5 API sweep 8 Oct: single unit for 1-7 adults + 2-3 units x 1-3 adults, 9-16 Jan, Nasserein district + Nasserein-area coordinates",11,"3 doubles, en-suite",4550,Breakfast included; EXCL. EUR 5 pp/night tourist tax (added in pp column),n/a,n/a,Yes,No,,Sat 9 - Sat 16 Jan bookable,,2026-10-08T15:25Z,,hotel (B&B),6 beds,B&B,113.33,3-4,No,https://www.karl-murr.at
Pension Der Steinbock,"Rafalt/Nasserein edge, St. Jakober Dorfstrasse 13",websLINE ABM (Die Arlbergerin),https://booking.diearlbergerin.com/websLINE-ABM/Homepage/Booking/Index/en,AVAILABLE,websLINE API 8 Oct: 3 'Tradition' doubles available,9,3 doubles with washbasin; shower/WC on the corridor,4920 flexible (4674 non-refundable),Breakfast included; EXCL. EUR 5 pp/night tourist tax (added in pp column),n/a,n/a,Yes,No,,Sat 9 - Sat 16 Jan bookable,1-4 rooms: free until 40 days before (flexible rate); NR rate non-refundable,2026-10-08T15:25Z,Shared bathrooms; just over EUR 120 on the flexible rate.,hotel (pension),6 beds,B&B,122.14 (NR 116.29),12,Hotel Arlbergerin sauna,https://booking.diearlbergerin.com/websLINE-ABM/Homepage/Booking/Index/en
App./Hotel-Garni San Antonio (rooms),"Nasserein, Nassereinerstrasse 38",Deskline + own HUGO engine,https://booking.s11.hotellogin.cloud/customer/antonio/booking.php,AVAILABLE,"Deskline DW5 API sweep 8 Oct: single unit for 1-7 adults + 2-3 units x 1-3 adults, 9-16 Jan, Nasserein district + Nasserein-area coordinates; own engine double 1470",10,"3 doubles (separable beds), shower/WC","5320.98 B&B (Deskline); 4410 own engine (board not stated, probably room only)",Breakfast included; EXCL. EUR 5 pp/night tourist tax (added in pp column) for Deskline,n/a,n/a,Yes (Deskline rate),No,,Sat 9 - Sat 16 Jan bookable,"40% from 90 days, 90% from 30, 100% from 14",2026-10-08T15:25Z,,hotel (4-star garni),6 beds,B&B,131.69 (own engine 110.00),6,"Sauna, steam, fitness",https://booking.s11.hotellogin.cloud/customer/antonio/booking.php
Hotel Dr. Otto Murr / Dorfblick / Europa (rooms for 6),Nasserein end of Dorfstrasse / Nassereinerstrasse 14,TVB Deskline,https://www.stantonamarlberg.com/en/accommodation,AVAILABLE,"Deskline DW5 API sweep 8 Oct: single unit for 1-7 adults + 2-3 units x 1-3 adults, 9-16 Jan, Nasserein district + Nasserein-area coordinates",6+ each,"Dr. Otto Murr 3 doubles 5732.16 (4-star, pool); Dorfblick 2 triples 5838 (3-star, sauna); Europa 3 doubles 6552 (4-star, sauna)",5732.16 / 5838 / 6552,Breakfast included; EXCL. EUR 5 pp/night tourist tax (added in pp column),n/a,n/a,Yes,No,,Sat 9 - Sat 16 Jan bookable,,2026-10-08T15:25Z,All over EUR 120.,hotel,6 beds,B&B,141.48 / 144.00 / 161.00,2 / 4 / 2,Pool+sauna / sauna / sauna,https://www.stantonamarlberg.com/en/accommodation
"Units for 4-5 only: Haus Sonneneck (5), Appartement Sarlo (4), Munteck flat (4), Raffl Appartements (4), Seppaler (4), Pension Gerda rooms (5), Senn rooms (5)",Nasserein,TVB Deskline,https://www.stantonamarlberg.com/en/accommodation,AVAILABLE_PARTIAL,"Deskline DW5 API sweep 8 Oct: single unit for 1-7 adults + 2-3 units x 1-3 adults, 9-16 Jan, Nasserein district + Nasserein-area coordinates",4-5,,,,n/a,n/a,,,,Sat 9 - Sat 16 Jan bookable,,2026-10-08T15:25Z,Cannot take 6 in one unit or one house.,flat/hotel,,,n/a,,,
App./Hotel-Garni Dorfblick 3-bedroom flat for 6,"Nasserein, Nassereinerstrasse 14",TVB Deskline,https://www.stantonamarlberg.com/en/accommodation,UNAVAILABLE,"Deskline DW5 API sweep 8 Oct: single unit for 1-7 adults + 2-3 units x 1-3 adults, 9-16 Jan, Nasserein district + Nasserein-area coordinates",,,,,n/a,n/a,,,,Sat 9 - Sat 16 Jan bookable,,2026-10-08T15:25Z,"Offered on 6 Oct (EUR 5,040); gone by 8 Oct.",flat,,,n/a,,,
Apartments Sarlo (6-person flat) / Appartement Haus St. Anton / Chalet Silver Fox,Nasserein,TVB Deskline,https://www.stantonamarlberg.com/en/accommodation,UNAVAILABLE,"Deskline DW5 API sweep 8 Oct: single unit for 1-7 adults + 2-3 units x 1-3 adults, 9-16 Jan, Nasserein district + Nasserein-area coordinates",,,,,n/a,n/a,,,,Sat 9 - Sat 16 Jan bookable,,2026-10-08T15:25Z,Not offered for 9-16 Jan.,flat,,,n/a,,,
Airbnb Nasserein for 6 adults,Nasserein,Airbnb (airbnb_search.py),https://www.airbnb.com/s/St.-Anton-am-Arlberg--Austria/homes?checkin=2027-01-09&checkout=2027-01-16&adults=6&search_by_map=true&ne_lat=47.143&ne_lng=10.290&sw_lat=47.128&sw_lng=10.262,UNAVAILABLE,"8 Oct: 3 Nasserein boxes, adults=6, with and without Entire home: 0 listings; town box: only centre/St Jakob listings (Haus Gertrud, Apart 14, Panorama Queen, Lounger)",,,,,n/a,n/a,,,,Sat 9 - Sat 16 Jan bookable,,2026-10-08T15:25Z,,flat,,,n/a,,,
