property,area,platform_or_engine,listing_url,status,checked_how,sleeps,room_layout,total_price_eur_7_nights,price_includes,pp_per_night_eur_at_12,pp_per_night_eur_at_15,breakfast,kitchen,walk_or_bus_to_lift,min_stay_or_changeover,cancellation_policy,checked_at_utc,notes,beds_vs_sofabeds,walk_min_to_lift
"Mountain Spa Residences - 2 x Classic 2-bedroom flats (same building, 29-flat aparthotel)","Upper Nasserein, Ing.-Gomperz-Weg 15, 6580 St Anton",Own engine: SiteMinder (TheBookingButton / direct-book.com); also Alpine Answers and Booking.com,https://www.mountainsparesidences.com/st-anton-apartments/classic-2-bedroom/ ; https://direct-book.com/properties/mountainsparesidencesdirect?locale=en&currency=EUR&checkInDate=2027-01-09&checkOutDate=2027-01-16,AVAILABLE,"SiteMinder rates API (app.thebookingbutton.com/api/v1/properties/mountainsparesidencesdirect/rates.json, 9-16 Jan): room type 960077 (max 6, EUR 475/night) has 2 units free every night 9-15 Jan; 960078 Superior 2-bed (max 6, EUR 532/night) 2 free; 960084 Deluxe 3-bed penthouse (max 8, EUR 925/night) 1 free; all other types 0. Classic/Superior mapping inferred from price order; Superior confirmed by Alpine Answers' Sat 9 Jan price (GBP 3,623) and the same 16 Jan uplift. Booking page itself is behind a WAF.",12 in 2 flats (6+6); 15-18 with a third flat (Superior 2-bed),"Each Classic 2-bed: 68.5 m2, ground floor + terrace, 2 bedrooms each with an Austrian twin (double frame, 2 mattresses), 2 bathrooms, living room with 1 single sofa bed + 1 folding bed on request, full Miele kitchen + dishwasher. Spa with indoor/outdoor pool, saunas.",6650 (12 = 2 Classic); 10374 (15-18 = 2 Classic + 1 Superior),Room rate incl. VAT (API flag rates_including_fees=true). NOT incl.: end-of-stay cleaning EUR 185-500 per flat (size-dependent) and tourist tax EUR 5 pp/night paid on arrival,79.2,98.8,no (on-site restaurant '1978'),yes (one per flat),"Nassereinbahn ~800 m by road (site), 0.6 km straight-line, downhill; uphill on return; free house shuttle to Nassereinbahn Sun-Fri 8:15-11:15 and 15:00-18:00",Sat-Sat; min 7 nights; arrival closed on other days,100% of rent + cleaning charged 42 days before arrival (winter); EUR 500 damage deposit on arrival,2026-10-06T17:55Z,"Best platform hit: one building, under EUR 90 but not under EUR 75. 12 only fits using the sofa bed AND folding bed in both flats; 12 all in real beds needs 3 flats (EUR 10,374, EUR 123.5 pp/n). Closer than Chesa Platina (1.4 km) but uphill walk home. Alpine Answers sells the Superior 2-bed for GBP 3,623 for 9 Jan (dearer than direct EUR 3,724). Check by hand: that 2 Classic flats are still free, cleaning fee, layout. info@mountainsparesidences.com +43 5446 42553",8 beds (4 Austrian twins) + 2 sofa beds + 2 folding beds,11 (Nassereinbahn; ~15 back uphill)
Club Nordic - Four-Bedroom Apartment with Balcony and Mountain View (Booking.com 320776),"West end beyond Moos/Mooserkreuz, Arlberg road side (47.1215, 10.2492); Booking.com says 1.9 km from St Anton station",Booking.com (seen via Holidu and HomeToGo feeds),https://www.holidu.com/d/34017965?adults=10&checkin=2027-01-09&checkout=2027-01-16 ; https://www.booking.com/searchresults.html?ss=Club+Nordic+St.+Anton&checkin=2027-01-09&checkout=2027-01-16&group_adults=10,UNAVAILABLE,"Holidu search API (adults=10, 9-16 Jan) and HomeToGo live search (persons=10) both return it as bookable; it is the only in-area unit for 10 on either. Booking.com itself blocks curl (AWS WAF), and Holidu's live-price call returns PROVIDER_ERROR",10 max,"105 m2, 4 bedrooms (king bed in each, bedroom 1 also has a sleeping couch) + 5th room with a sleeping couch; 4 bathrooms; sauna, table tennis","69860+ (Booking.com live rate, seen in round 5)",unknown - indicative feed prices only,n/a,n/a,no,yes,1.2 km straight-line to Rendlbahn/Galzigbahn; ski bus,Sat-Sat 9-16 returned,see Booking.com,2026-10-06T17:55Z,"CORRECTED in round 5: the Booking.com live rate is EUR 69,860-71,120 for the week, which looks like a blocking rate, and Deskline shows it unavailable. The HomeToGo/Holidu prices of about EUR 1,000-2,500 were not real. Max 10 anyway.",8 beds (4 kings) + 2 sofa beds,19 (Rendlbahn)
"Chalet Angelina (Alpine Answers) - whole chalet, catered",Nasserein (sunny street with Rendl views),Alpine Answers (UK agent),https://www.alpineanswers.co.uk/ski-chalets/austria/st-anton/chalet-angelina-2,AVAILABLE,"Read the Alpine Answers weekly table: 'Sat 09 Jan 2027 GBP 814 pp - GBP 13,027 total, Select'. 16/23/30 Jan Fully Booked",16-18,8 bedrooms; dining room; heated ski/boot room; bathroom ratio 'average',"~15000 (GBP 13,027 at ~1.15)",Catered chalet package; resort tax EUR 3-5 pp/n extra; no travel,178,143,yes (catered),catered (chef),400-800 m to Nassereinbahn (agent),Sat-Sat,agent terms,2026-10-06T17:55Z,"Only whole chalet for 12+ that an agency shows free for Sat 9 Jan, but it is catered (dinner not wanted) and about 2x the budget.","16-18 beds (8 bedrooms), no sofa beds stated",~9 (Nassereinbahn)
Alpine Answers self-catered chalets with Sunday weeks: Chalet Narnia (12-14) and Chalet Illimani (8-14),"St Anton (Narnia: 1450 m altitude, about 10 min above the centre; Illimani: more than 800 m from lifts)",Alpine Answers (UK agent),https://www.alpineanswers.co.uk/ski-chalets/austria/st-anton/chalet-narnia-2 ; https://www.alpineanswers.co.uk/ski-chalets/austria/st-anton/chalet-illimani,MIN_STAY_CONFLICT,"Weekly tables: Narnia 'Sun 10 Jan 2027 GBP 1,493 pp - GBP 17,912'; Illimani 'Sun 10 Jan 2027 GBP 2,046 pp - GBP 16,372'. Sunday changeover only",12-14,"Narnia 6-7 bedrooms, hot tub, sauna","~20600 (Narnia, 10-17 Jan); ~18800 (Illimani)",Self-catered; agent price,245 / 224,n/a,no,yes,more than 800 m,Sun-Sun weeks only (10-17 Jan),agent terms,2026-10-06T17:55Z,2.5-3x budget and wrong changeover day. Deskline round 3 already had Narnia unavailable.,12-14 beds,15+
Apart La Vita - 5 flats in one house (Novasol ATI151/152/153/164/165; Airbnb 'La Vita Apartment'),"Schulerhofweg 10, west edge of St Anton off the Arlberg road (47.1230, 10.2533)",Novasol (Awaze) PDP calendar API + Airbnb,https://www.novasol.com/holidayhome/st-anton-ati153 ; https://www.airbnb.com/rooms/22979830,AVAILABLE_PARTIAL,"Novasol /api/pdp/search/calendar/start-date returns no bookable arrival dates at all for any of the 5 flats (the same API returns 35 dates for another Austrian property, ASA455). Airbnb map search (2-5 adults, 9-16 Jan) shows only 'Mariella Suite' (max 3) at EUR 2,443 'for 7 nights'","3 free (whole house 14 per Novasol, 20 per Sno)","Novasol: 2 x 74 m2 2-bed (4p), 3 x 33 m2 (2p); Sno: apts for 6,3,2,6,3",2443 (Mariella Suite only),Airbnb total for 7 nights,n/a,n/a,no,yes,~0.85 km straight-line to Rendlbahn; Sno says 15 min walk or 5 min bus to Galzig/Rendl,,,2026-10-06T17:55Z,"The whole house would have been a one-roof option, but only one small suite is free. Possibly also on Deskline, so ask the other agents.",n/a,15 (Rendl/Galzig)
Ibex Lodge - 6 self-catered flats in one lodge (Booking.com hotel 2236106),"Nasserein corner (47.1368, 10.2804)",Booking.com (via Holidu feed); own site has an enquiry form only,https://ibexlodge.com/ ; https://www.holidu.com/d/19397753?adults=4&checkin=2027-01-09&checkout=2027-01-16,UNKNOWN,"Holidu search (Booking.com feed) lists the 4-person flats as bookable for 9-16 Jan (3-4 units in the multi-unit group). No price: Booking.com blocks curl and Holidu's live price returns PROVIDER_ERROR; the shown EUR 1,190 per flat is not exact",22 in the house (5 x 4 + 1 x 2); 12 = 3 flats,"Kandahar/Valluga/Galzig flats 55-60 m2: 1 double bed + 2 sofa beds, shower + bath; Rendl 30 m2: 1 double. Sauna/wellness, pool table, common room",unknown,,,,no,yes,0.6 km straight-line (Booking: 650 yd) to Nassereinbahn,unknown,,2026-10-06T17:55Z,"Same building, close to the lift, but half the group would be on sofa beds (3 doubles + 6 sofa beds for 12). Check Booking.com by hand for the price and the number of flats free.",6 beds (3 doubles) + 6 sofa beds for 12,9 (Nassereinbahn)
Riffelalp Lodge - Penthouse Deluxe (one unit for 14) + studios,"Untere Seiche 17, Nasserein (47.1364, 10.2809)",Own site (enquiry form only) + Booking.com hotel 2628057,https://riffelalplodge.com/,ON_REQUEST,"Own site has no engine (form only; 'Christmas-March weekly Sat-Sat'). The Booking.com feed via Holidu lists 'Riffelalp Lodge 14p 5br' with no dates, but returns no unit for 9-16 Jan at 2/4/6/8/10/12 adults, so it is probably booked",14 (penthouse),"Penthouse Deluxe 5 bedrooms per Booking feed; also deluxe studio, family studio, deluxe apartment",unknown,,,,no,yes,0.6 km straight-line to Nassereinbahn,Sat-Sat weekly in winter,,2026-10-06T17:55Z,Only one-unit-for-14 lead near a lift found off-Deskline; ask the owner (same owners as Ibex Lodge) if the penthouse is free. +43 664 580 6829,unknown,10 (Nassereinbahn)
Booking.com apartments search (12 adults),St Anton + Nasserein,Booking.com,https://www.booking.com/searchresults.html?ss=St.+Anton+am+Arlberg&checkin=2027-01-09&checkout=2027-01-16&group_adults=12&no_rooms=1&nflt=ht_id%3D201,UNKNOWN,"www and m.booking.com pages return the AWS WAF JavaScript challenge (HTTP 202); old mobile JSON API needs auth (401). Indirect check through Holidu's Booking.com feed: 0 units for 12, Club Nordic only for 10",,,,,,,,,,,,2026-10-06T17:55Z,"Browser check needed. Warning: the Booking.com feed holds many new 12-14p 'chalets' at EUR 700-900 a night with WhatsApp numbers in the title (e.g. '6BR Modern chalet ... What'app'), which are typical scams. Use only properties with a real address and reviews.",,
"Airbnb 'Lovely apartment parking included' (3 bedrooms, max 8)","Listed near Rendlbahn (47.1266, 10.2581)",Airbnb,https://www.airbnb.com/rooms/1789964450543677210,UNKNOWN,"airbnb_search.py shows EUR 1,918 'for 7 nights' (2-5 adults); calendar API shows every day open. The host's other listings, all created in the same batch, are 3-bedroom flats in Dublin, Zurich, Geneva, Barcelona, Oslo and Copenhagen",8,,1918,,n/a,,,,,,,2026-10-06T17:55Z,Looks like a fake listing. Do not book. Too small for 12 anyway.,3 beds listed,
VRBO / fewo-direkt / Expedia search (12 adults),St Anton,VRBO family,https://www.fewo-direkt.de/search?destination=St.%20Anton%20am%20Arlberg&startDate=2027-01-09&endDate=2027-01-16&adults=12 ; https://www.vrbo.com/search?destination=St.%20Anton%20am%20Arlberg&startDate=2027-01-09&endDate=2027-01-16&adults=12,UNKNOWN,"All three return HTTP 429 'Bot or Not?'. Indirect: Holidu's Vrbo feed has only Apart 14 (St Jakob/Gand, 10p) for our dates",,,,,,,,,,,,2026-10-06T17:55Z,Browser check needed; feed evidence says nothing for 12 in St Anton/Nasserein.,,
Leo Trippi St Anton chalets,St Anton,Leo Trippi (agency),https://www.leotrippi.com/luxury-ski-chalets/st-anton-self-catered-chalets/,UNKNOWN,"Site returns HTTP 202 bot challenge to curl. Published ranges (search snippets): Bluebird self-catered EUR 12,420-39,850/week, Antoinette accommodation-only from EUR 12,760",,,12420+,,148+,,,,,,,2026-10-06T17:55Z,Over budget even at the cheapest published week; Bluebird and Antoinette are booked for 9/10 Jan at Alpine Answers.,,
Oxford Ski St Anton chalets (13 properties),St Anton,Oxford Ski (agency),https://www.oxfordski.com/luxury-ski-chalets-hotels/austria/st-anton/,ON_REQUEST,"List page: cheapest is Chalet Antoinette (10+2) self-catered from EUR 13,910; catered chalets Griffin, Tschoder, Lena, Eden Rock and 47 from EUR 30,500-48,000. No date calendar online",,,13910+,,166+,,,,,,,2026-10-06T17:55Z,Over budget; Antoinette is booked for 10 Jan at Alpine Answers.,,
Chalet Owners St Anton (37 chalets),St Anton,chaletowners.com,https://www.chaletowners.com/chalets/st-anton/,UNKNOWN,"Listing is rendered in JavaScript and the search API returns nothing for 'st anton'. Chalet Windegg (2 x 6, Nasserein) shows 9-16 Jan Booked (round 3)",,,,,,,,,,,,2026-10-06T17:55Z,"Luxury segment (Windegg EUR 7,500 per 6-person apartment per week); unlikely in budget.",,
snow-online.com St Anton apartments,St Anton,snow-online.com,https://www.snow-online.com/apartments/ski-resort/st-anton-am-arlberg/st-anton-am-arlberg.html,UNKNOWN,HTTP 403 to curl,,,,,,,,,,,,2026-10-06T17:55Z,Browser check if wanted.,,
Ski Collection,,Ski Collection (agency),https://www.skicollection.co.uk/,UNKNOWN,skicollection.co.uk fails TLS hostname verification (not bypassed); skicollection.com has no Austria/St Anton content,,,,,,,,,,,,2026-10-06T17:55Z,Mainly French self-catering; no St Anton product found.,,
Powder White,,Powder White (agency),https://www.powderwhite.com/,UNKNOWN,Domain now redirects to a parked '/lander' page,,,,,,,,,,,,2026-10-06T17:55Z,Appears no longer trading.,,
"Belvilla / traum-ferienwohnungen house: AT-6580-43 (6p), -44 (6p), -45 (4p), -46 (2p) - 18 beds in one house","Centre, 200 m from Dorfstrasse, 40 m from Billa (47.1301, 10.2687)",Belvilla (OYO) + traum-ferienwohnungen.de 822527/822528,https://www.belvilla.com/at-6580-44 ; https://www.traum-ferienwohnungen.de/822527/,UNAVAILABLE,Belvilla property pages with checkin 09/01/2027 - checkout 16/01/2027: 'This property is not available on selected dates' (soldOutHotel=true) for all four flats,18 (6+6+4+2),"2-bed 60 m2 flats for 4-6, sauna, breakfast EUR 12 pp optional",,,,,,,0.5 km straight-line to Galzigbahn,,,2026-10-06T17:55Z,Would have been an ideal one-roof option (about 7 min walk). Undated 'from' price EUR 318/night per 6p flat. All sold out.,n/a,7 (Galzigbahn)
"Airbnb: entire homes for 10/12/14 adults, centre and Nasserein map boxes","Centre box ne 47.134,10.278 / sw 47.123,10.250; Nasserein box ne 47.140,10.298 / sw 47.128,10.275; plus wide box 47.118-47.145 / 10.240-10.300",Airbnb (tools/airbnb_search.py + PdpAvailabilityCalendar API),https://www.airbnb.com/s/St.-Anton-am-Arlberg--Austria/homes?checkin=2027-01-09&checkout=2027-01-16&adults=12&room_types%5B%5D=Entire%20home%2Fapt&search_by_map=true&ne_lat=47.134&ne_lng=10.278&sw_lat=47.123&sw_lng=10.250,UNAVAILABLE,"0 listings for adults 10/12/14 in both boxes (entire home), and 0 for 8/10/12 any type in the wide box. Jan-2027 calendars of the 18 large St Anton listings found without dates are all blocked on 9-16 Jan: Moose Lodge Steinbock 46441903 + Hirsch 46442937, Villa Schlosskopf 46596177, Chalet Hochkar 556456219372918980, Brunnenhof 40501879 + 666486004016991405, Silver Fox 1237756264381940274/1238477051621965687/1208073296041846996, Valluga/Kapall/Albona/Rendl Pool&Spa 10p flats (1772709186765534071, 1656413837359645137, 1775192180740256388 free only 3-14 Jan, 1596607903187628981), Home 5 1599933494076039852, Kikombe 52790871, Marmotta Neve 595268941517670587, Chalet Windegg 987594174991441800, Brunneis 48461863",,,,,,,,,,,,2026-10-06T17:55Z,"Small flats are still free (Chesa Platina's 3 flats, Toms View 1-3 at about EUR 6,800-8,000 each, Gaestehaus Kolp in St Jakob), but no one-roof option for 12.",,
"Holidu (aggregates Booking.com, Vrbo, Interhome, Novasol, St Anton TVB) - 12 and 10 adults",Sankt Anton am Arlberg region incl. St Jakob,Holidu search API (api.holidu.com/old/rest/v6/search/offers),https://www.holidu.com/s/Sankt-Anton-am-Arlberg--Austrian-Alps--Austria?checkin=2027-01-09&checkout=2027-01-16&adults=12,UNAVAILABLE,"adults=12: 0 offers, region 'bookedPercentage 100'. adults=10: 3 (Club Nordic; Apart 14 / 2-family house Obergand in Gand-St Jakob x2). adults=4: 69 units, but no multi-unit building near a lift that reaches 12 in budget apart from those listed above",,,,,,,,,,,,2026-10-06T17:55Z,"ferienwohnungen.de runs on Holidu, so it is covered here.",,
HomeToGo + e-domizil + Casamundo (same HomeToGo platform) - 12/14 and 10 persons,St Anton location 5460aeb1722b8,HomeToGo search JSON + livesearch,https://www.hometogo.de/search/5460aeb1722b8?arrival=2027-01-09&departure=2027-01-16&persons=12,UNAVAILABLE,"persons=12 and 14: '0 Unterkuenfte verfuegbar' after live search completed; persons=10: Club Nordic (Booking.com) + Interhome AT6580.687.1 (Gand) only. e-domizil.de/.ch and casamundo.de/.com: 0 for 12, Obergand only for 10",,,,,,,,,,,,2026-10-06T17:55Z,,,
"Interhome St Anton (12 homes incl. AT6580.100.1 Arlberg, AT6580.700.1 Schoengraben, AT6580.687.1 Obergand)",St Anton / Gand (St Jakob),Interhome (HomeToGo platform) search JSON; Holidu checkout price,https://www.interhome.com/austria/arlberg-mountain/sankt-anton-am-arlberg/,UNAVAILABLE,"persons=12: 0 homes; persons=4 and 10: only AT6580.687.1 'Apart 14 / 2-family house Obergand' (10p, 4 bedrooms), exact EUR 4,196 for 9-16 Jan via Holidu price API",10,,"4196 (Obergand, out of area)",,,,,,"2.4 km straight-line to Nassereinbahn (Gand, St Jakob)",,,2026-10-06T17:55Z,Obergand is outside St Anton/Nasserein and holds only 10.,,35+ (out of area)
"Snowtrex St Anton (self-catering search, 12 people, one or several units)",St Anton,"Snowtrex search API (/api/search, destinationId 511)",https://www.snowtrex.co.uk/austria/st._anton/ski-holidays.html,UNAVAILABLE,"Sat 9 Jan, 7 nights, 12 persons: one-room search 0 results; multi-room search only half-board hotels (Grieshof, Karl Schranz, Hit the Sky in St Christoph, Basur, Pezina in Flirsch) from GBP 970 pp",,,,,,,,,,,,2026-10-06T17:55Z,No self-catered apartments offered in St Anton for these dates.,,
"Alpine Answers St Anton self-catered 12+ for 9/10 Jan: Antoinette, Bluebird, Villa Villekulla (under 100 m to lift), Sweet Little Home, Silver Fox Apt 1/2/3, Anna Maria, Maria Schnee",St Anton / Nasserein,Alpine Answers weekly price tables,https://www.alpineanswers.co.uk/ski-chalets-st-anton/austria,UNAVAILABLE,"Weekly tables read for all 20 St Anton properties: these show 'Fully Booked' for 9/10 Jan (Fauner A, 16 beds, had no 9 Jan row: check by hand). Chalet 47 (20-24) is free on 10 Jan at GBP 38,230",,,,,,,,,,,,2026-10-06T17:55Z,Mountain Spa Residence and Angelina rows above are the only Alpine Answers properties free for Sat 9 Jan.,,
Skiworld / Iglu Ski St Anton,St Anton,Skiworld (sold also by Iglu Ski),https://www.skiworld.co.uk/ski-holidays/austria/st-anton,UNAVAILABLE,"St Anton list has only catered chalets (Rendl 8, Galzig 6, Valluga 6, Kapall 6, Monte Vera 14-16) and hotels; no self-catered product. Monte Vera was GBP 1,669 pp for 9 Jan in round 3",,,,,,,,,,,,2026-10-06T17:55Z,"Catered and about GBP 1,000-1,700 pp; out of budget.",,
Mountain Exposure,,Mountain Exposure (agency),https://www.mountainexposure.com/,UNAVAILABLE,Redirects to mxzermatt.com (Zermatt only); no St Anton product,,,,,,,,,,,,2026-10-06T17:55Z,,,
