property,area,platform_or_engine,listing_url,status,checked_how,sleeps,room_layout,total_price_eur_5_nights,price_includes,pp_per_night_eur_at_12,pp_per_night_eur_at_15,breakfast,kitchen,walk_or_bus_to_lift,min_stay_or_changeover,cancellation_policy,checked_at_utc,notes
App./Pension Theresia,St Jakob (Kirche),Deskline (tourism office),https://www.stantonamarlberg.com/en/accommodation,AVAILABLE_PARTIAL,"Deskline web API (webapi.deskline.net/stanton, same engine as stantonamarlberg.com search): search object + per-property service search",3 bookable 4-9 Jan,1 double room with extra bed (3 adults),1020,Total from engine priceDetails; includes final cleaning where shown; EXCLUDES EUR 5 pp/night visitor tax (engine VT=0); B&B,n/a,n/a,Yes,No,Ski bus from St Jakob church stop (~5 min to Nassereinbahn),None seen (4-9 bookable),Not retrieved,2026-10-04T22:52Z,"EUR 68 pp/night for 3. Only 1 room free for 4-9 (2 rooms free for 2-9 Jan: EUR 952 + 966 for 2 each, 7 nights). Cheapest exact-date bed in St Jakob; top-up only."
App./Pension Bellamonte,St Jakob (Bach),Deskline (tourism office),https://www.stantonamarlberg.com/en/accommodation,AVAILABLE_PARTIAL,"Deskline web API (webapi.deskline.net/stanton, same engine as stantonamarlberg.com search): search object + per-property service search",2 bookable 4-9 Jan (10 for 2-9 Jan),4-9: 1 studio apt for 2. 2-9: two 2-bedroom apts (4 adults each) + studio,1120,Total from engine priceDetails; includes final cleaning where shown; EXCLUDES EUR 5 pp/night visitor tax (engine VT=0) (EUR 75 cleaning incl.),n/a,n/a,No,Yes,"Bach end of St Jakob, ski bus; ~1.5 km to Nassereinbahn","Bigger apts only Sat-Sat (2-9 Jan): EUR 2,685 + 2,715 (4 adults each) + 1,580 (2) = EUR 6,980 for 10 people, 7 nights",Not retrieved,2026-10-04T22:52Z,"EUR 112 pp/night for the 2-person apt. Sat-Sat option: 6,980/7/10 = EUR 99.7 pp/night for 10."
App./Hotel-Garni Landhaus Lechthaler (rooms),St Jakob (Kirche),Deskline (tourism office),https://www.stantonamarlberg.com/en/accommodation,AVAILABLE_PARTIAL,"Deskline web API (webapi.deskline.net/stanton, same engine as stantonamarlberg.com search): search object + per-property service search",2 bookable 4-9 Jan,1 double room,1302,Total from engine priceDetails; includes final cleaning where shown; EXCLUDES EUR 5 pp/night visitor tax (engine VT=0); B&B,n/a,n/a,Yes,No,"By St Jakob church, ski bus",None for this room,Not retrieved,2026-10-04T22:52Z,EUR 130 pp/night. Apartments in same house only Sat-Sat (see separate row).
Hotel Zur Pfeffermühle (4*),"St Jakob (Timmler/Bach, on Arlbergstrasse)",Deskline (tourism office),https://www.stantonamarlberg.com/en/accommodation,AVAILABLE,"Deskline web API (webapi.deskline.net/stanton, same engine as stantonamarlberg.com search): search object + per-property service search; combined search 2x4 adults + 2x2 adults returned offers for both lines",12 (2 apts x 4 adults + 2 doubles); junior suites also free,"2 apartments (70 m2, 1 bedroom + living, 4 adults each) + 2 double rooms",13348,"Total from engine priceDetails; includes final cleaning where shown; EXCLUDES EUR 5 pp/night visitor tax (engine VT=0); B&B, non-refundable rate. Flexible rate (free cancel to 5 Dec 2026): EUR 14,518. Half board +~10%",222.5,n/a,Yes (HB option),Apartments have kitchenettes (check),"Bach/Timmler stop, ski bus ~5 min to Nassereinbahn",None - 4-9 Jan bookable,Non-ref rate 100% from booking; flex rate free until 5 Dec 2026,2026-10-04T22:52Z,"Only option found that houses 12 for the exact Mon-Sat dates online, but ~3x budget (apt EUR 4,478 per 4 ppl, double EUR 2,196 per 2). Hotel itself, not a pension."
Appartement Hof am Arlberg,St Jakob (Gand),Deskline (tourism office),https://www.stantonamarlberg.com/en/accommodation,MIN_STAY_CONFLICT,"Deskline web API (webapi.deskline.net/stanton, same engine as stantonamarlberg.com search): search object + per-property service search; 4-9 Jan returns nothing, 2-9 Jan returns both apts",12 (6 + 6 adults),"2-bedroom apt (6 adults) + 3-bedroom apt (6 adults), same house","6261 (for 2-9 Jan, 7 nights)",Total from engine priceDetails; includes final cleaning where shown; EXCLUDES EUR 5 pp/night visitor tax (engine VT=0) (cleaning EUR 75 + 85 incl.); self-catering,74.5 (over 7 nights; 104.4 per our 5 nights),n/a,No,Yes,"Gand (east St Jakob), ski bus ~7 min to Nassereinbahn",Sat-Sat; nearest allowed stay 2-9 Jan,Not retrieved,2026-10-04T22:52Z,"CHEAPEST way to keep 12 together in St Jakob. Apts EUR 3,015 (2-bed, 6 ad.) + 3,246 (3-bed, 6 ad.). Ask owner whether 4-9 Jan at a 5-night price is possible. For 15: add Christaldo (4) or Lydia (6) nearby."
App./Pension Alpina,St Jakob (Gsör),Deskline (tourism office),https://www.stantonamarlberg.com/en/accommodation,MIN_STAY_CONFLICT,"Deskline web API (webapi.deskline.net/stanton, same engine as stantonamarlberg.com search): search object + per-property service search",12 (6 + 6),"Two 3-bedroom apartments, 6 adults each","7258 (2-9 Jan, 7 nights)",Total from engine priceDetails; includes final cleaning where shown; EXCLUDES EUR 5 pp/night visitor tax (engine VT=0) (EUR 150 cleaning per apt incl.); self-catering,86.4 (over 7 nights; 121.0 per our 5),n/a,No,Yes,Gsör bus stop on St Jakober Dorfstrasse,Sat-Sat (nothing for 4-9),Not retrieved,2026-10-04T22:52Z,"EUR 3,629 per apt. Also on Airbnb as 'Alpina Apartment 6 People' (calendar: check-in Sat 2 Jan only)."
"Chalet Zoller (catered, tour operators)",St Jakob,Wens Chalets / Sno / Snowfinders,https://www.sno.co.uk/ski-holidays/chalet-zoller_18924/,MIN_STAY_CONFLICT,Web search of operator pages (operator sites blocked by proxy); not an engine quote,18 (9 bedrooms),"9 bedrooms, per-bed catered chalet","8400 (12 x EUR 700, Sat 2-9 Jan, 7 nights)","Per person per week: breakfast, afternoon tea/dinners, wine (operator standard); travel and tax unclear",100.0 (over 7 nights),100.0,Yes,No (catered),Bus stop opposite,"Sat-Sat weeks only (2 Jan, 9 Jan arrivals listed)",Operator T&Cs,2026-10-04T22:52Z,Snippet says 2 Jan 2027 arrival bookable at EUR 700 pppw. Includes dinners the group does not want. Verify on wenschalets.co.uk by hand.
App./Hotel-Garni Landhaus Lechthaler (apartments),St Jakob (Kirche),Deskline (tourism office),https://www.stantonamarlberg.com/en/accommodation,MIN_STAY_CONFLICT,"Deskline web API (webapi.deskline.net/stanton, same engine as stantonamarlberg.com search): search object + per-property service search",12 (8 + 2 + 2),3-bedroom apt (8 adults) + two 1-bedroom apts (2 each),8428 (2-9 Jan),Total from engine priceDetails; includes final cleaning where shown; EXCLUDES EUR 5 pp/night visitor tax (engine VT=0) (cleaning 110/80/80 incl.),100.3 (over 7 nights),n/a,Optional,Yes,"By the church, ski bus",Sat-Sat,Not retrieved,2026-10-04T22:52Z,"EUR 5,049 + 1,653 + 1,726. 3-bed apt alone takes 8 for EUR 5,049."
Gästehaus Gollas (B&B),St Jakob (St. Jakober Dorfstr. 125),"Seekda/Kognitiv (switch.seekda.com offersOverview, hotel S003002)",https://www.gollas.at/de/buchen/,MIN_STAY_CONFLICT,Queried Seekda offersOverview API for 4-9 Jan and alternatives,Up to ~20 free (6 doubles + 2 four-person suites free every night 4-8 Jan),Doubles (2) and suites (4); for 12: 2 suites + 2 doubles,7900 (if Mon arrival accepted: 2 x 500 + 2 x 290 per night x 5),"Engine rack rates per room per night incl. breakfast buffet, sauna, steam bath; visitor tax not shown (assume extra)",131.7,"144.0 (2 suites + 4 doubles, EUR 10,800)",Yes,No,Free ski bus at the door every 15 min,Engine: 'arrival 4 Jan not possible'; arrivals Sat 2 / Wed 6 / Sat 9; min stay 5 / blocks of 4 + 3 nights (engine messages conflict),Not retrieved,2026-10-04T22:52Z,"Rooms are free; only the Monday arrival is blocked. Worth an email (info@gollas.at, +43 5446 2018) asking to take 4-9 Jan. Price well over budget (DZ EUR 290/night = 145 pp)."
Hotel-Garni Ansitz Auhof,St Jakob (Gand),Deskline (tourism office),https://www.stantonamarlberg.com/en/accommodation,MIN_STAY_CONFLICT,"Deskline web API (webapi.deskline.net/stanton, same engine as stantonamarlberg.com search): search object + per-property service search",12-13,Hotel suite (4) + suite (4-5) + twin (2-3) + double (2),"11340 (4-11 Jan, 7 nights)",Total from engine priceDetails; includes final cleaning where shown; EXCLUDES EUR 5 pp/night visitor tax (engine VT=0); B&B,135.0 (over 7 nights),n/a,Yes,One 'Castle Room' apt only,"Gand, ski bus",7 nights min; Monday 4 Jan arrival OK (4-11),Not retrieved,2026-10-04T22:52Z,"EUR 3,360 + 4,060 + 1,890 + 2,030. Nothing for 5 nights."
Chalet Brunnenhof (whole chalet),"St Jakob (St. Jakober Dorfstr. 53, Bach)",Airbnb 40501879; own site Easybooking (customer 1061),https://www.airbnb.com/rooms/40501879,MIN_STAY_CONFLICT,"airbnb_search.py (2-9 Jan) + Airbnb calendar API; Easybooking searchCatAvailability for 4-9 Jan, 8 adults: 'FrontEndNoResultMinStay' (minStay 7)",14,"8 bedrooms, 8 queen beds, 8 baths","14515 (Airbnb, 2-9 Jan, 7 nights)",Airbnb total incl. cleaning and service fee; visitor tax probably extra,172.8 (over 7 nights),n/a (14),No,Yes,~1.5 km to Nassereinbahn; ski bus,"Min 7 nights, check-in Sat 2 Jan only",Not retrieved,2026-10-04T22:52Z,Free 2-9 Jan but way over budget. Sister 'BIG apartment Brunnenhof 6-10' (Airbnb 666486004016991405) is booked all of 1-12 Jan.
Moose Lodge (2 apartments),St Jakob (Kirche),"Deskline + Airbnb (46442937 HIRSCH, 46455723 MOOSE)",https://www.airbnb.com/rooms/46442937,MIN_STAY_CONFLICT,"Deskline web API (webapi.deskline.net/stanton, same engine as stantonamarlberg.com search): search object + per-property service search; Airbnb calendar API (check-in Sat 2 Jan only, min 7)",14 (8 + 6 adults),4+ bedroom apt (8 adults) + 3-bedroom apt (6 adults),"14966 (Deskline, 2-9 Jan)","Total from engine priceDetails; includes final cleaning where shown; EXCLUDES EUR 5 pp/night visitor tax (engine VT=0) (cleaning 324 + 259 incl.). Airbnb: HIRSCH EUR 9,089 + MOOSE EUR 6,832 incl. fees",178.2 (over 7 nights),n/a (14),No,Yes,Ski bus,"Sat-Sat, 7 nights",Not retrieved,2026-10-04T22:52Z,Luxury; over budget. Third unit STEINBOCK booked.
Gsörhof apartments (Rendl + Rossfall),St Jakob (Gsör),Deskline (tourism office),https://www.stantonamarlberg.com/en/accommodation,MIN_STAY_CONFLICT,"Deskline web API (webapi.deskline.net/stanton, same engine as stantonamarlberg.com search): search object + per-property service search",11 (7 + 4 adults),Rendl 3-bedroom (7 adults) + Rossfall 2-bedroom (4 adults),6800 (2-9 Jan),Total from engine priceDetails; includes final cleaning where shown; EXCLUDES EUR 5 pp/night visitor tax (engine VT=0) (EUR 100 cleaning each incl.),n/a (11 max),n/a,No,Yes,Gsör bus stop,Sat-Sat,Not retrieved,2026-10-04T22:52Z,EUR 88.3 pp/night for 11 over 7 nights. May share the 'Rendl' flat with Appartement Kolp listing (same family 'Gästehaus Kolp' on Airbnb) - do not double count.
App./Hotel-Garni Feuerstein (apartments),St Jakob (Timmler/Bach),Deskline (tourism office); also Airbnb 28633775/28632094,https://www.stantonamarlberg.com/en/accommodation,MIN_STAY_CONFLICT,"Deskline web API (webapi.deskline.net/stanton, same engine as stantonamarlberg.com search): search object + per-property service search; Airbnb calendar API",10 (6 + 4),3-bedroom/3-bath apt (6 adults) + 2-bedroom apt (4 adults),7100 (2-9 Jan),Total from engine priceDetails; includes final cleaning where shown; EXCLUDES EUR 5 pp/night visitor tax (engine VT=0),n/a (10),n/a,Optional (garni),Yes,~1 km to Nassereinbahn,"Airbnb: min 7 nights, check-in Sat 2 Jan only",Not retrieved,2026-10-04T22:52Z,"EUR 3,955 + 3,145. Airbnb shows Apt 4 EUR 4,324 / Apt 3 EUR 3,859 for 2-9 Jan."
Appartement Lydia,St Jakob (Kirche),Deskline (tourism office),https://www.stantonamarlberg.com/en/accommodation,MIN_STAY_CONFLICT,"Deskline web API (webapi.deskline.net/stanton, same engine as stantonamarlberg.com search): search object + per-property service search",6,"3-bedroom apt, bath",3560 (2-9 Jan),Total from engine priceDetails; includes final cleaning where shown; EXCLUDES EUR 5 pp/night visitor tax (engine VT=0) (EUR 60 cleaning),n/a,n/a,No,Yes,Ski bus,Sat-Sat,Not retrieved,2026-10-04T22:52Z,EUR 84.8 pp/night for 6. Add-on for a 15-person plan.
Appartement Gästehaus Steinmüller,St Jakob (Gand),Deskline (tourism office),https://www.stantonamarlberg.com/en/accommodation,MIN_STAY_CONFLICT,"Deskline web API (webapi.deskline.net/stanton, same engine as stantonamarlberg.com search): search object + per-property service search",6,3-bedroom apt,3270 (2-9 Jan),Total from engine priceDetails; includes final cleaning where shown; EXCLUDES EUR 5 pp/night visitor tax (engine VT=0) (EUR 78 cleaning),n/a,n/a,No,Yes,"Gand, ski bus",Sat-Sat,Not retrieved,2026-10-04T22:52Z,EUR 77.9 pp/night for 6; neighbour of Hof am Arlberg (Gand).
App./Pension Christaldo,St Jakob (Kirche),Deskline (tourism office),https://www.stantonamarlberg.com/en/accommodation,MIN_STAY_CONFLICT,"Deskline web API (webapi.deskline.net/stanton, same engine as stantonamarlberg.com search): search object + per-property service search",4,2-bedroom apt,2020 (2-9 Jan),Total from engine priceDetails; includes final cleaning where shown; EXCLUDES EUR 5 pp/night visitor tax (engine VT=0) (EUR 60 cleaning),n/a,n/a,No,Yes,Ski bus,Sat-Sat,Not retrieved,2026-10-04T22:52Z,EUR 72 pp/night for 4.
Appartement Kolp (Rendl + Riffler),St Jakob (Gsör),Deskline; Airbnb 570837617103121651,https://www.stantonamarlberg.com/en/accommodation,MIN_STAY_CONFLICT,"Deskline web API (webapi.deskline.net/stanton, same engine as stantonamarlberg.com search): search object + per-property service search; Airbnb calendar",6 (4 + 2),Rendl 3-bedroom (4-5) + Riffler 1-bedroom (2),3960 (2-9 Jan),Total from engine priceDetails; includes final cleaning where shown; EXCLUDES EUR 5 pp/night visitor tax (engine VT=0),n/a,n/a,No,Yes,Gsör stop,"Sat-Sat, 7 nights",Not retrieved,2026-10-04T22:52Z,"EUR 2,620 + 1,340. Airbnb GALZIG unit (6) booked."
Pension Jägerhof / Pension Tirol (Haus Tirol) / Hotel Tenne / Wiedemann / Hamatli,"St Jakob (Gand, Bach, Timmler)",Deskline (tourism office),https://www.stantonamarlberg.com/en/accommodation,MIN_STAY_CONFLICT,"Deskline web API (webapi.deskline.net/stanton, same engine as stantonamarlberg.com search): search object + per-property service search",~2 each,One double or small apt each,"Jägerhof 1330 BB; Tirol 896 BB; Tenne 2660 HB; Hamatli 1362 (2-9 Jan, per room)",Total from engine priceDetails; includes final cleaning where shown; EXCLUDES EUR 5 pp/night visitor tax (engine VT=0),n/a,n/a,Mixed,Mixed,Ski bus,Sat-Sat only,Not retrieved,2026-10-04T22:52Z,Single leftover rooms; nothing for 4-9. Haus Tirol (Dorfstr. 174) = Deskline 'App./Pension Tirol': its 2nd listing (apartments) has nothing at all.
Hotel Gletscherblick,St Jakob (Bach),Deskline (tourism office),https://www.stantonamarlberg.com/en/accommodation,MIN_STAY_CONFLICT,"Deskline web API (webapi.deskline.net/stanton, same engine as stantonamarlberg.com search): search object + per-property service search",4,One large double (up to 4),"7841 for 4 (3-10 Jan, HB)",Total from engine priceDetails; includes final cleaning where shown; EXCLUDES EUR 5 pp/night visitor tax (engine VT=0); half board,n/a,n/a,Yes (HB),No,Ski bus,Sun-Sun 7 nights,Not retrieved,2026-10-04T22:52Z,Expensive; negligible capacity.
Appartements Gasslihof (Gassli + Brunnen),St Jakob (St. Jakober Dorfstr. 47),None (enquiry form only),https://www.gasslihof.at/en/rooms-rates.html,ON_REQUEST,"Read site: no booking engine, only enquiry form; not on Deskline",10 (Gassli 6 + Brunnen 2-4),"Gassli: 2 doubles + 1 triple, each en-suite; Brunnen: 1 double + 1 twin","~2,914-3,114 (high-season list: Gassli EUR 360 + Brunnen EUR 225 /night x5 + EUR 189 cleaning)",List prices per apt/night; + cleaning EUR 99/90; + EUR 5 pp/night tax,n/a (10 max),n/a,No (bread delivery on request),Yes,"Bus stop in front, 5 min to cable car",Unknown,Unknown,2026-10-04T22:52Z,"~EUR 62 pp/night for 10 at the top of the range. Email info@gasslihof.at / +43 664 1336630. 2 more people would need e.g. Theresia (3, bookable 4-9) next door-ish."
Stanton Hostel,St Jakob (St. Jakober Dorfstr. 102),Booking.com / own site,https://www.booking.com/hotel/at/stanton-hostel-sankt-anton-am-arlberg.en-gb.html?checkin=2027-01-04&checkout=2027-01-09&group_adults=12,UNKNOWN,Booking.com behind AWS WAF challenge; stanton-hostel.com blocked by proxy (connect rejected); not on Hostelworld or Deskline,Unknown (pods in 4-6-bed dorms + doubles),"Capsule pods in dorms, doubles",,,,,Unknown (snack bar),Guest kitchen,~30 min walk to centre; ski bus,Unknown,Unknown,2026-10-04T22:52Z,CHECK BY HAND - likely the cheapest bed in St Jakob if free.
VRBO search (St Anton / St Jakob),St Jakob,VRBO,https://www.vrbo.com/search?destination=St.%20Anton%20am%20Arlberg&startDate=2027-01-04&endDate=2027-01-09&adults=12,UNKNOWN,curl returned HTTP 429 (bot block),,,,,,,,,,,,2026-10-04T22:52Z,Check by hand; Brunnenhof is VRBO 5265270ha (same calendar as Airbnb likely).
Booking.com search (St Jakob),St Jakob,Booking.com,https://www.booking.com/searchresults.html?ss=St.+Jakob+am+Arlberg&checkin=2027-01-04&checkout=2027-01-09&group_adults=12&no_rooms=6,UNKNOWN,AWS WAF challenge / egress blocked,,,,,,,,,,,,2026-10-04T22:52Z,Check by hand (mainly for Stanton Hostel and Pfeffermühle OTA rates).
Pension Am Kirchhof,"St Jakob (by the church, Dorfstr. 116)",Deskline (tourism office); amkirchhof.at blocked by proxy,https://www.stantonamarlberg.com/en/accommodation,UNAVAILABLE,"Deskline web API (webapi.deskline.net/stanton, same engine as stantonamarlberg.com search): search object + per-property service search; 1-4 adults for 4-9, 2-9, 3-10, 4-11",12 normally,"Triple (5), double (3), family room (6), single",,,n/a,n/a,Yes,No,Ski bus,Only Sun-Sun 3-10 Jan offered,,2026-10-04T22:52Z,"Nothing for 4-9. For 3-10 only double No.2 (EUR 812 for 2, B&B) and one single (EUR 735) left; family and triple rooms gone. Am Kirchhof + Gollas cluster does NOT work."
Airbnb map-box search St Jakob,"St Jakob (box 47.132-47.150 N, 10.280-10.330 E)",Airbnb (airbnb_search.py),https://www.airbnb.com/s/St.-Anton-am-Arlberg--Austria/homes?checkin=2027-01-04&checkout=2027-01-09&search_by_map=true&ne_lat=47.150&ne_lng=10.330&sw_lat=47.132&sw_lng=10.280,UNAVAILABLE,"Map-box searches at 12/10/6/4/2 adults, with and without Entire-home filter, given box and widened box: 0 listings ('No exact matches'). Box verified working (same search in March or over the centre returns listings). Calendar API on 28 St Jakob listings",,,,,,,,,,"Most St Jakob listings: check-in Sat 2 Jan only, min 7 nights",,2026-10-04T22:52Z,"No St Jakob Airbnb bookable for 4-9 Jan. Booked: Fauner apt/room, Oberland apt, Kapall, Arlberg by Interhome, Apart 14 (free from 9 Jan), Chalet for 6 (21845241), Kolp GALZIG, BIG apt Brunnenhof, Moose STEINBOCK. 7-night-only: Brunnenhof, Moose, Feuerstein, Alpina, Kolp RENDL, Veilchen, 43489299 (4 ppl, 4-11 Jan)."
"Interhome St Jakob units (Kapall, Arlberg, Apart 14, Am Schönbach)",St Jakob,Interhome (calendars read via Airbnb mirrors),https://www.interhome.com/austria/arlberg-mountain/sankt-anton-am-arlberg/,UNAVAILABLE,Interhome page ignores dates (JS only); Airbnb calendar API for the Interhome-managed listings,5 / 5 / 10 / 2,,,,,,No,Yes,,,,2026-10-04T22:52Z,"Kapall, Arlberg and Apart 14 booked over 4-9 Jan; only 2-person Am Schönbach free."
Other St Jakob Deskline properties (no offers),St Jakob (Gand/Bach/Kirche/Gsör/Timmler),Deskline (tourism office),https://www.stantonamarlberg.com/en/accommodation,UNAVAILABLE,"Deskline web API (webapi.deskline.net/stanton, same engine as stantonamarlberg.com search): search object + per-property service search; 2/4/6 adults x 4-9, 2-9, 3-10, 4-11 Jan",,,,,,,,,,,,2026-10-04T22:52Z,"No bookable offer in any window: Appartement Viktors, App./Pension Bacherhof (2 listings), Appartement Armella, Appartement Untergand, Haus Zangerl, Hotel Friedheim, Appartement Forsthaus Jehle, Apart Jehle, App./Pension Fauner Siegfried (2), Pension Oberland, Haus Anna, App./Pension Buchhammer, Chalet Karin, App./Pension Tirol (apts), Appartement Strolz Hanspeter, App./Pension Adrian."
