property,area,platform_or_engine,listing_url,status,checked_how,sleeps,room_layout,total_price_eur_7_nights,price_includes,pp_per_night_eur_at_12,pp_per_night_eur_at_15,breakfast,kitchen,walk_or_bus_to_lift,min_stay_or_changeover,cancellation_policy,checked_at_utc,notes
COMBO Gsör cluster: Appartement Strolz Hanspeter (8) + Gsörhof apt 'Rossfall' (4),"St Jakob (St. Jakober Dorfstr. 156 + 113, ~300 m apart)",Deskline (tourism office),https://www.stantonamarlberg.com/en/accommodation,AVAILABLE,"Deskline/Feratel web API behind stantonamarlberg.com (webapi.deskline.net/stanton): search 9-16 Jan + per-property unit search, priceDetails",12 (8 + 4),"Strolz: 110 m2, 4 bedrooms (2 twin rooms, 1 double, 1 bunk room), each with own washbasin, bath+shower, separate WC, balcony. Rossfall: 60 m2, 2 double bedrooms, 2 shower rooms, new kitchen",4960,Engine total for 7 nights incl. final cleaning; EXCLUDES EUR 5 pp/night tourist tax (engine VT=0) (EUR 100 cleaning each); tax would add EUR 420 for 12,59.0,n/a (12 max; see 15-person row),No,Yes (both),"Free ski bus along St. Jakober Dorfstrasse (~5-8 min to Nassereinbahn, ~1.5-2 km); evening night bus paid",Sat-Sat 9-16 Jan bookable,"Tirol standard terms shown by engine: free until 10 Oct 2026, 40% from 11 Oct, 70% from 10 Dec, 90% from 2 Jan; deposit 40-50%",2026-10-04T23:28Z,"CHEAPEST whole-group option found. Strolz alone is EUR 3,110 for up to 8 adults. Alternatives for the 4-person flat: Alpina 2-bed (Gsörerweg 26) EUR 1,887 -> total 4,997 (EUR 59.5); Kolp 'Rendl' next door (Dorfstr. 158) EUR 2,620 -> 5,730 (EUR 68.2)."
COMBO: Apart 14 by Interhome (10) + Kolp apt 'Riffler' (2),St Jakob (Gand / Dorfstr. 158),Airbnb 49303494 (Interhome) + Deskline,https://www.airbnb.com/rooms/49303494,AVAILABLE,airbnb_search.py 9-16 Jan ('for 7 nights') + Airbnb calendar API; Deskline for Riffler,12 (10 + 2),"Apart 14: 4 bedrooms, 5 beds, 3 baths, sleeps 10. Riffler: 1 bedroom for 2",5714,"Airbnb total EUR 4,374 incl. cleaning + service fee (tax probably extra); Riffler EUR 1,340 Deskline incl. EUR 80 cleaning, excl. tax",68.0,n/a,No,Yes,"Free ski bus along St. Jakober Dorfstrasse (~5-8 min to Nassereinbahn, ~1.5-2 km); evening night bus paid","Apart 14: min 7 nights, check-in 9 Jan allowed",Airbnb/Interhome terms not read,2026-10-04T23:28Z,Apart 14 alone = EUR 62.5 pp/night for 10. Check Interhome direct price too (often cheaper than Airbnb).
Haus Zangerl (whole apartment house),"St Jakob (Gand, Ganderweg 26)",Deskline (tourism office),https://www.stantonamarlberg.com/en/accommodation,AVAILABLE,"Deskline/Feratel web API behind stantonamarlberg.com (webapi.deskline.net/stanton): search 9-16 Jan + per-property unit search, priceDetails; multi-unit searches (8+6+4 and 6+6 adults) returned offers for every line","12-18 (units: 4-bed apt 8, two 3-bed apts 6 each, 2-bed apts 4)","For 12: two 3-bedroom apts (6 each). For 15/16: + 2-bed apt No.1 (55 m2, 2 double rooms, 2 shower/WC). Apt No.6: 100 m2, 4 double bedrooms",5894,Engine total for 7 nights incl. final cleaning; EXCLUDES EUR 5 pp/night tourist tax (engine VT=0) (EUR 105 cleaning per 3-bed apt),70.2,"75.8 (2 x 3-bed + 2-bed, EUR 7,959)",No,Yes,"Free ski bus along St. Jakober Dorfstrasse (~5-8 min to Nassereinbahn, ~1.5-2 km); evening night bus paid",Sat-Sat,"Tirol standard terms shown by engine: free until 10 Oct 2026, 40% from 11 Oct, 70% from 10 Dec, 90% from 2 Jan; deposit 40-50%",2026-10-04T23:28Z,"Whole group in ONE house. Other split: 4-bed apt (8, EUR 4,668) + 2-bed apt (4, EUR 1,865) = EUR 6,533 (EUR 77.8)."
COMBO east Dorfstrasse: Viktors (4) + Untergand (4) + Gästehaus Steinmüller (4-6),"St Jakob (Gand, St. Jakober Dorfstr. 220, 218, 195)",Deskline (tourism office),https://www.stantonamarlberg.com/en/accommodation,AVAILABLE,"Deskline/Feratel web API behind stantonamarlberg.com (webapi.deskline.net/stanton): search 9-16 Jan + per-property unit search, priceDetails",12-14,"Viktors 'Edelweiss' 65 m2, 2 bedrooms; Untergand 2 bedrooms; Steinmüller 3 bedrooms",6254,Engine total for 7 nights incl. final cleaning; EXCLUDES EUR 5 pp/night tourist tax (engine VT=0) (cleaning 70 + 60 + 78),74.5,"n/a (14 max: EUR 7,006 with 6 in Steinmüller)",No,Yes,"Free ski bus along St. Jakober Dorfstrasse (~5-8 min to Nassereinbahn, ~1.5-2 km); evening night bus paid",Sat-Sat,"Tirol standard terms shown by engine: free until 10 Oct 2026, 40% from 11 Oct, 70% from 10 Dec, 90% from 2 Jan; deposit 40-50%",2026-10-04T23:28Z,"Prices: Viktors 1,946; Untergand 2,000; Steinmüller 2,308 for 4 / 3,060 for 6. Three hosts, next to each other."
COMBO for 15: Appartement Strolz Hanspeter (8) + Gsörhof apt 'Rendl' (7),St Jakob (St. Jakober Dorfstr. 156 + 113),Deskline (tourism office),https://www.stantonamarlberg.com/en/accommodation,AVAILABLE,"Deskline/Feratel web API behind stantonamarlberg.com (webapi.deskline.net/stanton): search 9-16 Jan + per-property unit search, priceDetails",15 (8 + 7),"Strolz 4 bedrooms (see above) + Gsörhof Rendl 95 m2, 3 bedrooms, box-spring beds, renovated 2025",7060,Engine total for 7 nights incl. final cleaning; EXCLUDES EUR 5 pp/night tourist tax (engine VT=0),84.0,67.2,No,Yes,"Free ski bus along St. Jakober Dorfstrasse (~5-8 min to Nassereinbahn, ~1.5-2 km); evening night bus paid",Sat-Sat,"Tirol standard terms shown by engine: free until 10 Oct 2026, 40% from 11 Oct, 70% from 10 Dec, 90% from 2 Jan; deposit 40-50%",2026-10-04T23:28Z,"Best value if the group reaches 15. Rendl is EUR 3,600 for 6 adults or EUR 3,950 for 7."
App./Hotel-Garni Landhaus Lechthaler (B&B rooms),"St Jakob (by the church, St. Jakober Dorfstr. 110)",Deskline (tourism office),https://www.stantonamarlberg.com/en/accommodation,AVAILABLE,"Deskline/Feratel web API behind stantonamarlberg.com (webapi.deskline.net/stanton): search 9-16 Jan + per-property unit search, priceDetails; combined search family room 5 + suite 3 + 2 doubles returned all lines",12 (5 + 3 + 2 + 2),Family room with 2 bedrooms (5) + suite (3) + 2 double rooms,8717,Engine total for 7 nights incl. final cleaning; EXCLUDES EUR 5 pp/night tourist tax (engine VT=0); breakfast included,103.8,n/a,Yes,"No (apartments in same house: 2-bed apt for 4-5 EUR 2,501)","Free ski bus along St. Jakober Dorfstrasse (~5-8 min to Nassereinbahn, ~1.5-2 km); evening night bus paid",Sat-Sat OK,Not retrieved,2026-10-04T23:28Z,"Best breakfast-included single-house option bookable online, but above budget (family room 3,322; suite 2,337; doubles 1,529 each). A 3rd double is not free."
Hotel-Garni Ansitz Auhof (B&B),"St Jakob (Gand, Landauerweg 7)",Deskline (tourism office),https://www.stantonamarlberg.com/en/accommodation,AVAILABLE,"Deskline/Feratel web API behind stantonamarlberg.com (webapi.deskline.net/stanton): search 9-16 Jan + per-property unit search, priceDetails; combined 5+4+3 search",12-13,Suite (5) + hotel suite (4) + hotel suite (3); twin/double rooms also free,9965,Engine total for 7 nights incl. final cleaning; EXCLUDES EUR 5 pp/night tourist tax (engine VT=0); breakfast included,118.6,n/a,Yes,One apt only,"Free ski bus along St. Jakober Dorfstrasse (~5-8 min to Nassereinbahn, ~1.5-2 km); evening night bus paid",Sat-Sat OK,Not retrieved,2026-10-04T23:28Z,Second breakfast option; expensive.
App./Pension Bellamonte (3 apartments),"St Jakob (Bach, St. Jakober Dorfstr. 37)",Deskline (tourism office),https://www.stantonamarlberg.com/en/accommodation,AVAILABLE_PARTIAL,"Deskline/Feratel web API behind stantonamarlberg.com (webapi.deskline.net/stanton): search 9-16 Jan + per-property unit search, priceDetails",10 (4 + 4 + 2),Two 2-bedroom apts (4 adults each) + 1 studio for 2,6560,Engine total for 7 nights incl. final cleaning; EXCLUDES EUR 5 pp/night tourist tax (engine VT=0) (EUR 75 cleaning each),n/a (10),n/a,No,Yes,"West end of St Jakob, ~1.5 km to Nassereinbahn; ski bus",Sat-Sat,"Tirol standard terms shown by engine: free until 10 Oct 2026, 40% from 11 Oct, 70% from 10 Dec, 90% from 2 Jan; deposit 40-50%",2026-10-04T23:28Z,"EUR 93.7 pp/night for 10 (2,525 + 2,595 + 1,440)."
Hotel Zur Pfeffermühle (4*),"St Jakob (Bach, Timmlerweg 6)",Deskline (tourism office),https://www.stantonamarlberg.com/en/accommodation,AVAILABLE_PARTIAL,"Deskline/Feratel web API behind stantonamarlberg.com (webapi.deskline.net/stanton): search 9-16 Jan + per-property unit search, priceDetails",8 (suite 4 + 2 doubles),1 terrace suite (4) + 2 double rooms,9315,"Engine total for 7 nights incl. final cleaning; EXCLUDES EUR 5 pp/night tourist tax (engine VT=0); B&B, non-refundable rate (flex ~+9%)",n/a,n/a,Yes (HB option),No,"Bach/Timmler stop, ski bus",None,Non-ref or free until 5 Dec (flex),2026-10-04T23:28Z,EUR 166 pp/night; only for reference.
Appartement Strolz Hanspeter,St Jakob (St. Jakober Dorfstr. 156),Deskline (tourism office),https://www.stantonamarlberg.com/en/accommodation,AVAILABLE_PARTIAL,"Deskline/Feratel web API behind stantonamarlberg.com (webapi.deskline.net/stanton): search 9-16 Jan + per-property unit search, priceDetails",8 adults (max 14 incl. children),"110 m2: 4 bedrooms (2 twin, 1 double, 1 bunk), bath+shower, separate WC, balcony",3110,Engine total for 7 nights incl. final cleaning; EXCLUDES EUR 5 pp/night tourist tax (engine VT=0) (EUR 100 cleaning),n/a,n/a,No,Yes,"Free ski bus along St. Jakober Dorfstrasse (~5-8 min to Nassereinbahn, ~1.5-2 km); evening night bus paid",Sat-Sat,"Tirol standard terms shown by engine: free until 10 Oct 2026, 40% from 11 Oct, 70% from 10 Dec, 90% from 2 Jan; deposit 40-50%",2026-10-04T23:28Z,EUR 55.5 pp/night for 8 - the anchor of the cheapest combos. 9 adults refused online; ask about extra beds.
Appartement Gsörhof (Rendl + Rossfall),St Jakob (St. Jakober Dorfstr. 113),Deskline (tourism office),https://www.stantonamarlberg.com/en/accommodation,AVAILABLE_PARTIAL,"Deskline/Feratel web API behind stantonamarlberg.com (webapi.deskline.net/stanton): search 9-16 Jan + per-property unit search, priceDetails",11 (7 + 4),Rendl 3 bedrooms (2-7) + Rossfall 2 bedrooms (2-4); 3rd flat 'Tritsch' booked,"5800 (Rendl 7 = 3,950 + Rossfall 1,850)",Engine total for 7 nights incl. final cleaning; EXCLUDES EUR 5 pp/night tourist tax (engine VT=0),n/a,n/a,No,Yes,"Free ski bus along St. Jakober Dorfstrasse (~5-8 min to Nassereinbahn, ~1.5-2 km); evening night bus paid",Sat-Sat,"Tirol standard terms shown by engine: free until 10 Oct 2026, 40% from 11 Oct, 70% from 10 Dec, 90% from 2 Jan; deposit 40-50%",2026-10-04T23:28Z,EUR 75.3 pp/night for 11.
Appartement Kolp (Rendl + Riffler),St Jakob (St. Jakober Dorfstr. 158),Deskline; Airbnb 570837617103121651 / 570826565905810946,https://www.stantonamarlberg.com/en/accommodation,AVAILABLE_PARTIAL,"Deskline/Feratel web API behind stantonamarlberg.com (webapi.deskline.net/stanton): search 9-16 Jan + per-property unit search, priceDetails; Airbnb tool + calendar",6-7 (4-5 + 2),"Rendl 60 m2, 3 double rooms, shower + bath; Riffler 1 bedroom","3960 (2,620 + 1,340 Deskline)","Engine total for 7 nights incl. final cleaning; EXCLUDES EUR 5 pp/night tourist tax (engine VT=0) (Airbnb: Rendl EUR 3,064, Riffler EUR 1,571 incl. fees)",n/a,n/a,No,Yes,"Free ski bus along St. Jakober Dorfstrasse (~5-8 min to Nassereinbahn, ~1.5-2 km); evening night bus paid","Sat-Sat, min 7","Tirol standard terms shown by engine: free until 10 Oct 2026, 40% from 11 Oct, 70% from 10 Dec, 90% from 2 Jan; deposit 40-50%",2026-10-04T23:28Z,Next door to Strolz. Deskline cheaper than Airbnb. 'GALZIG' 6-person flat booked.
App./Pension Alpina (2 apartments),"St Jakob (Gsör, Gsörerweg 26)",Deskline; Airbnb 42447770,https://www.stantonamarlberg.com/en/accommodation,AVAILABLE_PARTIAL,"Deskline/Feratel web API behind stantonamarlberg.com (webapi.deskline.net/stanton): search 9-16 Jan + per-property unit search, priceDetails; Airbnb tool",8 (4 + 4),Two 2-bedroom apts (4 each); the 3-bedroom flats are booked,"4075 (1,887 + 2,188)",Engine total for 7 nights incl. final cleaning; EXCLUDES EUR 5 pp/night tourist tax (engine VT=0) (EUR 130 cleaning each),n/a,n/a,No,Yes,"Free ski bus along St. Jakober Dorfstrasse (~5-8 min to Nassereinbahn, ~1.5-2 km); evening night bus paid",Sat-Sat,"Tirol standard terms shown by engine: free until 10 Oct 2026, 40% from 11 Oct, 70% from 10 Dec, 90% from 2 Jan; deposit 40-50%",2026-10-04T23:28Z,"Airbnb shows one of them at EUR 2,174."
App./Hotel-Garni Landhaus Lechthaler (apartments),St Jakob (St. Jakober Dorfstr. 110),Deskline (tourism office),https://www.stantonamarlberg.com/en/accommodation,AVAILABLE_PARTIAL,"Deskline/Feratel web API behind stantonamarlberg.com (webapi.deskline.net/stanton): search 9-16 Jan + per-property unit search, priceDetails",~9 (2-bed apt 5 + two 1-bed apts 2-3),2-bed apt 'Gsör' (up to 5) + 1-bed apts; the 3-bed 'Putzkreuzle' (8) is booked,"5439 (2,501 + 1,432 + 1,506)",Engine total for 7 nights incl. final cleaning; EXCLUDES EUR 5 pp/night tourist tax (engine VT=0),n/a,n/a,Optional,Yes,"Free ski bus along St. Jakober Dorfstrasse (~5-8 min to Nassereinbahn, ~1.5-2 km); evening night bus paid",Sat-Sat,Not retrieved,2026-10-04T23:28Z,Could top up the Lechthaler B&B rooms.
Appartement Lydia / Armella / Christaldo (church area flats),"St Jakob (St. Jakober Dorfstr. 99, 83, 81)",Deskline (tourism office),https://www.stantonamarlberg.com/en/accommodation,AVAILABLE_PARTIAL,"Deskline/Feratel web API behind stantonamarlberg.com (webapi.deskline.net/stanton): search 9-16 Jan + per-property unit search, priceDetails",Lydia 3-bed 7; Armella 1-bed 4; Christaldo 2-bed 4 + 1-bed 2,Lydia 3 bedrooms bath; Armella 1 bedroom (max 6 incl. kids); Christaldo 2-bed + 1-bed,"Lydia 3,570 (7) / 3,360 (6); Armella 1,725 (4); Christaldo 2,020 (4) + 1,195 (2)",Engine total for 7 nights incl. final cleaning; EXCLUDES EUR 5 pp/night tourist tax (engine VT=0),n/a,n/a,No,Yes,"Free ski bus along St. Jakober Dorfstrasse (~5-8 min to Nassereinbahn, ~1.5-2 km); evening night bus paid",Sat-Sat,"Tirol standard terms shown by engine: free until 10 Oct 2026, 40% from 11 Oct, 70% from 10 Dec, 90% from 2 Jan; deposit 40-50%",2026-10-04T23:28Z,"Lydia (7) + Christaldo (4) + Armella... = 12-17 for ~EUR 7,315 (EUR 87 at 12). Neighbouring houses."
Small St Jakob units still free (rooms / 1-2 bed flats),St Jakob (various),Deskline + Airbnb,https://www.stantonamarlberg.com/en/accommodation,AVAILABLE_PARTIAL,"Deskline/Feratel web API behind stantonamarlberg.com (webapi.deskline.net/stanton): search 9-16 Jan + per-property unit search, priceDetails; Airbnb tool",2-4 each,See notes,see notes,Engine total for 7 nights incl. final cleaning; EXCLUDES EUR 5 pp/night tourist tax (engine VT=0),n/a,n/a,Mixed,Mixed,"Free ski bus along St. Jakober Dorfstrasse (~5-8 min to Nassereinbahn, ~1.5-2 km); evening night bus paid",Sat-Sat,Not retrieved,2026-10-04T23:28Z,"B&B doubles: Pension Tirol/Haus Tirol (Dorfstr. 174) 1 double EUR 896 BB (EUR 64 pp/night); Pension Am Kirchhof (116) double No.2 EUR 782 BB + single EUR 710 BB; Bacherhof (27) double EUR 1,085 BB; Wiedemann (Timmlerweg 2) double EUR 1,140 BB. Flats: Hof am Arlberg 1-bed EUR 1,039 (its 2- and 3-bed flats are booked); Wiedemann 2-bed (4) EUR 1,800; Apart Jehle (4) EUR 3,350; Hamatli 1-bed EUR 1,312; Adrian 1-bed EUR 1,277; Airbnb 43489299 (4) EUR 2,738, 'Veilchen' (2-3) EUR 1,591. Rafalt/Seiche edge (Nasserein border): ArtApart 2-bed (6) EUR 2,646, Ehart (4) EUR 1,908, Arlenhof (4) EUR 2,027, Stanzertal (4) EUR 1,475."
Hotel Gletscherblick (HB),St Jakob (Bach),Deskline (tourism office),https://www.stantonamarlberg.com/en/accommodation,AVAILABLE_PARTIAL,"Deskline/Feratel web API behind stantonamarlberg.com (webapi.deskline.net/stanton): search 9-16 Jan + per-property unit search, priceDetails",~8,Suites / family rooms,"11186 for 6 (3 double rooms, half board)",Engine total for 7 nights incl. final cleaning; EXCLUDES EUR 5 pp/night tourist tax (engine VT=0); half board,n/a,n/a,Yes (HB),No,Ski bus,None,Not retrieved,2026-10-04T23:28Z,EUR 266 pp/night; reference only.
Haus Viktoria / Hotel Garni Viktoria (B&B),St Jakob (St. Jakober Dorfstr. 171),easyGuestmanagement (booking.easyguestmanagement.at),https://www.hausviktoria.com/en-gb/prices,ON_REQUEST,"Queried engine availability calendar API (api/calendar/occupancies) for Jan 2027: FREE all of 9-16 Jan: 3 standard doubles, 2 deluxe doubles, 2 triples, 1 single, 1 apartment (6-9). Booking API returns code 8 = 'no prices loaded for these dates, contact us'",Up to ~26 free (rooms 17 + apt 9),For 12: 3 doubles + 2 triples (B&B). For 15: + 2 deluxe doubles. Or apartment for 9 + 1 triple,"~3976 (estimate: 3 x EUR 96 + 2 x EUR 140 per night, website list prices)",Website list prices per room/night incl. breakfast; tourist tax extra; prices are NOT date-specific (engine has no 2026/27 prices yet),~47.3 (estimate),"~51.2 (estimate, 3 DZ + 2 DZ Lux @100 + 2 triples, EUR 5,376)",Yes (rooms); extra for apartment,Apartment only (EUR 430/night for 9 + EUR 100 cleaning),Free ski bus at the door; sauna/steam,Unknown,Unknown,2026-10-04T23:28Z,"TOP LEAD: whole hotel garni appears free for our week and list prices are well under budget. Must be asked: +43 5446 3540 / hausviktoria.com. Also on Airbnb (52364927, double EUR 1,438 for 7 nights)."
Appartements Gasslihof (Gassli + Brunnen),St Jakob (St. Jakober Dorfstr. 47),None (enquiry form only),https://www.gasslihof.at/en/rooms-rates.html,ON_REQUEST,Site has only an enquiry form; not on Deskline/Airbnb,10 (6 + 2-4),"Gassli: 2 doubles + 1 triple, each en-suite; Brunnen: double + twin",~4284 (top of range: 360 + 225 per night x 7 + EUR 189 cleaning),List prices per apt/night + cleaning; + EUR 5 pp/night tax,n/a (10),n/a,No,Yes,Bus stop in front,Unknown,Unknown,2026-10-04T23:28Z,"~EUR 61 pp/night for 10. info@gasslihof.at, +43 664 1336630."
"Chalet Zoller (catered, Wens Chalets)",St Jakob,Wens Chalets / Sno / Iglu / Snowfinders,https://www.wenschalets.co.uk/catered-chalets/details/chalet-zoller-st-anton-austria,UNKNOWN,Operator pages load prices by JavaScript or redirect; web-search snippet says 9 Jan 2027 arrival bookable at about EUR 700 pp/week,"18 (9 bedrooms: 4 en-suite doubles, 2 en-suite triples, 2 singles, 1 double)","9 bedrooms, sauna","~8400 (12 x EUR 700, unverified)","Catered: breakfast, afternoon tea, dinners, wine (operator standard); flights/tax unclear",~100 (unverified),~100 (unverified),Yes,No (catered),Bus stop opposite,Sat-Sat weeks,Operator T&Cs,2026-10-04T23:28Z,Check by hand; pays for unwanted dinners.
Stanton Hostel,St Jakob (St. Jakober Dorfstr. 102),Booking.com (own domain does not resolve),https://www.booking.com/hotel/at/stanton-hostel-sankt-anton-am-arlberg.en-gb.html?checkin=2027-01-09&checkout=2027-01-16&group_adults=12,UNKNOWN,Booking.com behind AWS WAF; stanton-hostel.com DNS fails; not on Hostelworld or Deskline. Search snippet says it is 'not currently taking reservations on Booking.com',Unknown (pods in 4-6-bed dorms),"Capsule pods, doubles",,,,,Unknown,Guest kitchen,~30 min walk / ski bus,Unknown,Unknown,2026-10-04T23:28Z,CHECK BY HAND; may be closed or renamed ('TheCell Hostel Stanton' on one OTA).
VRBO / Booking.com searches,St Jakob,"VRBO, Booking.com",https://www.vrbo.com/search?destination=St.%20Jakob%20am%20Arlberg&startDate=2027-01-09&endDate=2027-01-16&adults=12,UNKNOWN,VRBO HTTP 429; Booking.com AWS WAF challenge,,,,,,,,,,,,2026-10-04T23:28Z,Check by hand; most St Jakob houses are already covered via Deskline/Airbnb.
Gästehaus Gollas (B&B),St Jakob (St. Jakober Dorfstr. 125),Seekda/Kognitiv (hotel S003002),https://www.gollas.at/de/buchen/,UNAVAILABLE,"Seekda offersOverview API 9-16 Jan, 2 and 4 persons",,,,,n/a,n/a,Yes,No,Ski bus at door,,,2026-10-04T23:28Z,"Doubles sold out on 13-14 Jan (0 left), suites 0 all week. 11 doubles free only 9-12 Jan."
Chalet Brunnenhof (whole chalet) + BIG apartment Brunnenhof,St Jakob (St. Jakober Dorfstr. 53),Airbnb 40501879 / 666486004016991405; Easybooking (customer 1061),https://www.airbnb.com/rooms/40501879,UNAVAILABLE,Airbnb calendar API (9-16 Jan blocked); Easybooking searchCatAvailability 9-16 Jan for 2/4/8/12 adults: no result,14 / 10,,,,,,,,,,,2026-10-04T23:28Z,Booked from 9 Jan.
Pension Am Kirchhof (group),St Jakob (St. Jakober Dorfstr. 116),Deskline (own site blocked by proxy),https://www.stantonamarlberg.com/en/accommodation,UNAVAILABLE,"Deskline/Feratel web API behind stantonamarlberg.com (webapi.deskline.net/stanton): search 9-16 Jan + per-property unit search, priceDetails",3 of 12 beds free,,,,n/a,n/a,Yes,No,,,,2026-10-04T23:28Z,"Family, triple and other rooms booked; only double No.2 + 1 single free (listed in the small-units row)."
Hof am Arlberg (group flats),St Jakob (Grieseggweg 2),Deskline,https://www.stantonamarlberg.com/en/accommodation,UNAVAILABLE,"Deskline/Feratel web API behind stantonamarlberg.com (webapi.deskline.net/stanton): search 9-16 Jan + per-property unit search, priceDetails",,,,,,,,,,,,2026-10-04T23:28Z,2-bed and 3-bed flats (6 each) booked for 9-16; only 1-bed flat free.
Airbnb whole-group search St Jakob,"St Jakob (box 47.132-47.150 N, 10.280-10.330 E)",Airbnb (airbnb_search.py),https://www.airbnb.com/s/St.-Anton-am-Arlberg--Austria/homes?checkin=2027-01-09&checkout=2027-01-16&adults=12&search_by_map=true&ne_lat=47.150&ne_lng=10.330&sw_lat=47.132&sw_lng=10.280,UNAVAILABLE,"Map box (given and widened) at 12/10/8/6/4/2 adults, entire-home and all types; calendar API on 31 St Jakob listings",,,,,,,,,,,,2026-10-04T23:28Z,"Nothing for 12. Booked 9-16: Moose Lodge (all 3 units), Garni Feuerstein apts 3/4, Alpina 6-person, Kolp GALZIG, Chalet for 6 (21845241), Fauner, Oberland, Kapall + Arlberg (Interhome), Am Schönbach, Chalet-Loft Stanton (free from 10 Jan only)."
Other St Jakob Deskline properties with no offer 9-16 Jan,St Jakob,Deskline,https://www.stantonamarlberg.com/en/accommodation,UNAVAILABLE,"Deskline/Feratel web API behind stantonamarlberg.com (webapi.deskline.net/stanton): search 9-16 Jan + per-property unit search, priceDetails; 2/4/6/8/10/12 adults",,,,,,,,,,,,2026-10-04T23:28Z,"App./Pension Theresia (both listings), Moose Lodge, App./Hotel-Garni Feuerstein, Pension Jägerhof, Hotel Friedheim, Pension Oberland, Bacherhof (2nd listing), Buchhammer, Forsthaus Jehle, Fauner Siegfried (2), Haus Anna, Chalet Karin, Pension Tirol apartments, Matt Marianne, Birkl, Anton 10, A-Mika, Hotel die Arlbergerin."
