property,area,type,sleeps_max,bedrooms_or_room_mix,website,rating,price_whole_property_per_night_eur,price_pp_night_eur_at_12,price_pp_night_usd_at_12,price_basis_and_season,min_stay_and_changeover,meals_or_kitchen,distance_to_lift,distance_to_st_anton_centre_and_transport,booking_channel,deposit_terms,cancellation_terms,price_flag,sources,access_date,confidence,notes
"Holiday home Apart Loisa (villaforyou 'group house', 13 persons)",Pettneu am Arlberg,"Whole holiday house, self-catering",13,"6 bedrooms, 5 bathrooms",https://www.villaforyou.com/en/holiday-home-austria/tyrol/holiday-home-pettneu-am-arlberg-13-persons-a4505,not seen,"327 (average/night; EUR 2,289/week)",27.25,31.88,"ADVERTISED (snippet) average across the year, not 4-9 Jan; early-Jan high-season rate will be higher. Plus Ortstaxe ~EUR 3-5 pp/night and cleaning fee [QUOTE NEEDED]","Probably weekly, Saturday changeover [QUOTE NEEDED]; Mon-Sat 4-9 Jan may not be bookable","Self-catering kitchen, dishwasher, ski storage",~5 km from St Anton lifts per listing; free ski bus stop distance QUOTE NEEDED,"Free ski bus line 7 (Ski Arlberg pass): 10 min to Nasserein/Terminal Ost, 13 min to Terminal West (Galzig/Rendl); every 15 min peak, hourly midday; last ski bus ~18:30; then paid regional bus 4242 and night bus 4243 (~EUR 5, last season) [ADVERTISED (snippet) arlbergerbergbahnen.com/pettneuerhof.at/snowheads]",villaforyou.com,QUOTE NEEDED,QUOTE NEEDED,ADVERTISED (snippet); dates QUOTE NEEDED,villaforyou.com listing a4505 (search snippet; page fetch blocked),2026-10-04,low-medium,"Cheapest whole-house figure found that fits 12-13. Average rate almost certainly understates early-January price; assume EUR 40-55 pp until quoted [INFERRED]. FIT: 6 bedrooms + 5 baths for 12-13 works well: doubles for couples, the rest 2-3 to a room. Has a kitchen (plus). No breakfast."
Jagdhaus Strengen,Strengen am Arlberg,"Whole holiday house, self-catering",10,QUOTE NEEDED,https://www.traum-ferienwohnungen.de/europa/oesterreich/arlberg/strengen_am_arlberg/,not seen,"317 (EUR 2,219 / 7 nights)",n/a (sleeps 10; EUR 31.70 pp at 10),n/a (USD 37.09 pp at 10),"ADVERTISED (snippet) 'from' price, season unclear; plus Ortstaxe and cleaning",7-night price shown; changeover QUOTE NEEDED,Self-catering,Strengen is ~14 km from St Anton; free ski bus may end at Flirsch [conflicting snippets],Regional bus 4242/270 (ticket) ~25-30 min [INFERRED]; night bus 4243 stops Strengen (Steigsiedlung) [ADVERTISED (snippet) old PDF],traum-ferienwohnungen.de,QUOTE NEEDED,QUOTE NEEDED,ADVERTISED (snippet),traum-ferienwohnungen.de / alpen-guide.de search snippets,2026-10-04,low,"Too small for 12 unless two units are combined. Listed only to show the Strengen price level. FIT: only 10 beds, so it cannot hold the group alone. Has a kitchen. No breakfast. Weak fit."
Haus Zentral (family pension),Schnann,"Pension, B&B, double and single rooms",QUOTE NEEDED,Double and single rooms; number QUOTE NEEDED,https://www.holidaycheck.de/hi/haus-zentral/61459ad6-e51f-3d33-a238-6a97d16772cb,HolidayCheck reviews (score not seen),n/a (per person),35,40.95,"ADVERTISED (snippet) a guest review: 'January, EUR 35 per night with breakfast at a weekend'. Review year unknown, probably several seasons old. Plus Ortstaxe",QUOTE NEEDED,Breakfast,Ski bus stop in Schnann village; distance QUOTE NEEDED,Free ski bus line 8 Flirsch-Schnann-Pettneu-St Anton (Ski Arlberg pass); about 16-20 min to Terminal; last ski bus ~18:30 [INFERRED from Pettneu line 7 times]; night bus 4243 runs through Flirsch to Landeck (~EUR 5) [ADVERTISED (snippet) old-season PDF],Direct (phone/email),QUOTE NEEDED,QUOTE NEEDED,"ADVERTISED (snippet), stale",holidaycheck.de snippet,2026-10-04,low,"Cheapest per-person figure seen, but stale and capacity unknown; probably cannot take all 12 in one house. Worth one email. FIT: doubles and singles fit couples. Breakfast included (plus). No multi-bed rooms seen, so it may not take everyone. No kitchen."
"Holiday rental for 12, Stuben/Klösterle (unnamed in snippet)",Stuben am Arlberg / Klösterle (Vorarlberg),"Whole holiday rental, self-catering",12,"4 bedrooms, 130 m², sauna",https://www.traum-ferienwohnungen.de/urlaubsideen/gruppenunterkuenfte/europa/oesterreich/arlberg/,not seen,433 (from),36.08,42.22,"ADVERTISED (snippet) 'from' price, season not shown; plus Ortstaxe and cleaning",QUOTE NEEDED,Self-catering,If in Stuben: ski-in to Ski Arlberg via Albona; if in Klösterle: Sonnenkopf ski bus to Stuben [QUOTE NEEDED],To St Anton slopes by lift and piste ~45-60 min [PRIOR KNOWLEDGE]; buses Stuben-Zürs-Lech are free with lift pass; by road over the pass needs a change or taxi; St Anton apres return by taxi [QUOTE NEEDED],traum-ferienwohnungen.de,QUOTE NEEDED,QUOTE NEEDED,ADVERTISED (snippet),traum-ferienwohnungen.de snippet,2026-10-04,low,"4 bedrooms for 12 means crowded rooms; exact village unknown. Poor for St Anton nightlife. FIT: 4 bedrooms for 12 means 3 per room, so couples cannot all get private doubles. Has a kitchen. Weak fit."
Arlberghaus Rocks,Flirsch,"Whole holiday house, self-catering",14,"6 bedrooms (family and connecting rooms), 2 bathrooms",https://www.arlberghaus-rocks.at/,Booking.com (score not seen),488 (from),40.67,47.58,"ADVERTISED (snippet) Booking.com 'from EUR 488 per night for upcoming dates', not 4-9 Jan; plus Ortstaxe and cleaning [QUOTE NEEDED]",QUOTE NEEDED,"Shared kitchen, dishwasher, coffee machine; ski hire on site",Flirsch ski bus stop in village; distance QUOTE NEEDED,Free ski bus line 8 Flirsch-Schnann-Pettneu-St Anton (Ski Arlberg pass); about 16-20 min to Terminal; last ski bus ~18:30 [INFERRED from Pettneu line 7 times]; night bus 4243 runs through Flirsch to Landeck (~EUR 5) [ADVERTISED (snippet) old-season PDF],"Booking.com or direct welcome@arlberghaus-rocks.at, +43 664 1929896",QUOTE NEEDED,QUOTE NEEDED,ADVERTISED (snippet); dates QUOTE NEEDED,booking.com/hotel/at/arlberghaus-rocks; arlberghaus-rocks.at (snippets),2026-10-04,medium,Best fit for 12-14 under one roof at a low price. Only 2 bathrooms for 14 people. FIT: 6 bedrooms including family/connecting rooms suits a couples-plus-multi-bed mix. Has a kitchen (plus). Only 2 bathrooms. No breakfast.
Hotel Schrofenstein 4*,Landeck,"Hotel, double rooms",~6-7 rooms needed for 12-14,Double rooms,https://www.schrofenstein.at/en/home/,"Tripadvisor #2 of 5 in Landeck, 4/5",n/a (per room),45.50 (INFERRED: USD 106/room/night ÷ 1.17 ÷ 2),53.00,"ADVERTISED (snippet) KAYAK 'from USD 106-107', Jan 15-16 sample date, not 4-9 Jan; breakfast inclusion QUOTE NEEDED; plus Ortstaxe",Nightly,Restaurant; breakfast likely [QUOTE NEEDED],Station to Landeck-Zams ~1-2 km [PRIOR KNOWLEDGE]; St Anton station to Galzigbahn ~5 min walk [PRIOR KNOWLEDGE],"Train Landeck-Zams to St Anton 22 min, hourly, ~EUR 7 one-way, not covered by ski pass [INFERRED]; last train back ~23:46",Booking.com / direct,QUOTE NEEDED,QUOTE NEEDED,"ADVERTISED (snippet), generic date","kayak.com, momondo.com, tripadvisor.com snippets",2026-10-04,low-medium,"The group-rate price for 7 rooms over Epiphany is unknown. The train ticket (~EUR 14 pp per day) cuts most of the saving. FIT: every room is a double/twin, so couples are fine and singles share twins. Breakfast probably included (QUOTE NEEDED). No kitchen. Not under one roof as a house, but it is one hotel."
Ferienhaus mit 9 Doppelzimmern am Arlberg (Grether-Reisen hausId 32902),Flirsch,"Whole group house, self-catering",18 (14-18),"9 double rooms, all en-suite shower/WC",https://www.grether-reisen.de/hausbeschreibung/?hausId=32902,not seen,"581 (INFERRED from EUR 4,070/week for up to 12 ÷ 7); EUR 661/night for up to 16 (EUR 4,630/week)",48.45,56.69,"ADVERTISED (snippet) 'from' weekly price, season band not shown; plus Ortstaxe and cleaning","Weekly rental, probably Saturday-Saturday [QUOTE NEEDED]; 5 nights Mon-Sat may cost a full week",Self-catering,Free ski bus in Flirsch; stop distance QUOTE NEEDED,Free ski bus line 8 Flirsch-Schnann-Pettneu-St Anton (Ski Arlberg pass); about 16-20 min to Terminal; last ski bus ~18:30 [INFERRED from Pettneu line 7 times]; night bus 4243 runs through Flirsch to Landeck (~EUR 5) [ADVERTISED (snippet) old-season PDF],Grether-Reisen (German agency),QUOTE NEEDED,QUOTE NEEDED,ADVERTISED (snippet),grether-reisen.de hausId=32902 (snippet),2026-10-04,medium,"9 en-suite doubles suits 12-16 adults well. If a full week must be paid for 5 nights, real cost is EUR 67.83 pp/night at 12 [INFERRED 4,070/12/5]. FIT: very good. 9 en-suite doubles/twins give couples a double and singles share twins (14-18 beds). Has a kitchen (plus). No breakfast."
Riffler Lodge,Pettneu am Arlberg,"Luxury chalet, self-catering",12 (10 + 2 in TV room),5 en-suite bedrooms + TV lounge for 2; sauna,https://www.vrbo.com/4534471ha,Tripadvisor reviews (score not seen),~788 (INFERRED USD 922 ÷ 1.17; VRBO UK avg GBP 621),65.67,76.83,ADVERTISED (snippet) 'from USD 922/night' and average GBP 621; not 4-9 Jan; plus Ortstaxe and cleaning,5-night minimum [ADVERTISED (snippet)],"Self-catering, sauna, fireplace; free entry to Pettneu Wellnesspark pool",~7 km / 7 min drive to St Anton lifts,"Free ski bus line 7 (Ski Arlberg pass): 10 min to Nasserein/Terminal Ost, 13 min to Terminal West (Galzig/Rendl); every 15 min peak, hourly midday; last ski bus ~18:30; then paid regional bus 4242 and night bus 4243 (~EUR 5, last season) [ADVERTISED (snippet) arlbergerbergbahnen.com/pettneuerhof.at/snowheads]",VRBO / Expedia,QUOTE NEEDED,QUOTE NEEDED,ADVERTISED (snippet),vrbo.com/4534471ha; readytotrip.com; j2ski.com snippets,2026-10-04,medium,Exactly 12 beds with 2 in a lounge. Too small for 15. FIT: 5 en-suite bedrooms + 2 lounge beds for exactly 12; works only if singles share 2-3 to a room. Has a kitchen and sauna. No breakfast.
Gasthof-Pension Grissemann,Flirsch,"Pension/Gasthof, B&B rooms",QUOTE NEEDED,Doubles; multi-bed rooms QUOTE NEEDED,https://www.grissemann.com/en/,Tripadvisor reviews (score not seen),n/a (per person),65-81,76-95,ADVERTISED (snippet) winter 2023/24 price list EUR 65-81 pp per day by season band (band for early Jan not shown) + Ortstaxe EUR 5 pp/night,QUOTE NEEDED,Breakfast buffet; restaurant; spa,"In Flirsch village, ski bus stop nearby [INFERRED]",Free ski bus line 8 Flirsch-Schnann-Pettneu-St Anton (Ski Arlberg pass); about 16-20 min to Terminal; last ski bus ~18:30 [INFERRED from Pettneu line 7 times]; night bus 4243 runs through Flirsch to Landeck (~EUR 5) [ADVERTISED (snippet) old-season PDF],"Direct +43 5447 5216, info@grissemann.com",QUOTE NEEDED,QUOTE NEEDED,"ADVERTISED (snippet), 2023/24 rates",grissemann.com/cms/de/preise/preise-winter.html (snippet; fetch blocked),2026-10-04,medium,"Breakfast is included, but it costs more than self-catered houses. Fallback if no house is free. FIT: doubles for couples; multi-bed rooms QUOTE NEEDED. Breakfast included (plus). No kitchen."
Großes Ferienhaus am Arlberg (Grether-Reisen hausId 70362),"Stanzertal (Pettneu/Flirsch area, 11 km from lifts)","Whole group house, self-catering",27 (20-27),"12 bedrooms, 8 bathrooms, large common room",https://www.grether-reisen.de/hausbeschreibung/?hausId=70362,4.8/5 (4 reviews),"827 (INFERRED from EUR 5,790/week ÷ 7)",68.93,80.64,ADVERTISED (snippet) 'from' weekly price for up to 23; season not shown; plus Ortstaxe and cleaning,Weekly [QUOTE NEEDED],Self-catering; boot dryers; free ski storage at St Anton lifts,Free ski bus stop 40 m away; 16 ski bus minutes to St Anton [ADVERTISED (snippet)],Free ski bus 16 min; night bus 4243 [INFERRED],Grether-Reisen,QUOTE NEEDED,QUOTE NEEDED,ADVERTISED (snippet),grether-reisen.de hausId=70362 (snippet),2026-10-04,medium,"Too big for 12, but the price is fine at 15-20 people (EUR 55 pp at 15). Best transport set-up seen: bus stop 40 m away and free ski depot in St Anton. FIT: 12 bedrooms easily give couples doubles and singles twins/triples. Has a kitchen. Too large unless 15+ come."
Haus Arlberg (also listed as 'Riant Groepshuis'),Pettneu am Arlberg,"Luxury group house, self-catering",16 (some portals say 26),"14 bedrooms, 9-10 bathrooms, cinema, sauna, billiards",https://hausarlberg.com/,not seen,"1,956-1,961 (average/night)",163.42,191.20,"ADVERTISED (snippet) portal average nightly price, not dated; plus Ortstaxe and cleaning",QUOTE NEEDED,"Self-catering, luxury kitchen, party room with bar",Walk to Pettneu village centre; ski bus stop QUOTE NEEDED,"Free ski bus line 7 (Ski Arlberg pass): 10 min to Nasserein/Terminal Ost, 13 min to Terminal West (Galzig/Rendl); every 15 min peak, hourly midday; last ski bus ~18:30; then paid regional bus 4242 and night bus 4243 (~EUR 5, last season) [ADVERTISED (snippet) arlbergerbergbahnen.com/pettneuerhof.at/snowheads]","hausarlberg.com (Dutch owner), Booking.com, villaforyou",QUOTE NEEDED,QUOTE NEEDED,ADVERTISED (snippet),hausarlberg.com; villaforyou.com a4925; booking.com/hotel/at/haus-arlberg (snippets),2026-10-04,medium,More expensive per person than a St Anton self-catered chalet. Not value. FIT: 14 bedrooms means everyone could have a room. Has a kitchen. Price is the problem.
Skihütte Zams (group hut),"Zams (Venet ski area, 1,740 m)","Group hut, dorms",70,"2x13-bed and 1x25-bed dorm huts, 4- and 5-bed rooms, 1 apartment for 8",https://www.gruppenfreizeiten.de/skihuette-zams-zams,not seen,n/a,28-40,32.76-46.80,"ADVERTISED (snippet) from EUR 28 pp in dorm hut with meals, from EUR 40 pp B&B; season not shown",QUOTE NEEDED,Meals available or self-catering,"Ski-in/out on Venet, not St Anton","Not workable: you would have to ride the Venet gondola down each day, then take the train 22 min to St Anton; no evening access [INFERRED]",gruppenfreizeiten.de,QUOTE NEEDED,QUOTE NEEDED,ADVERTISED (snippet),gruppenfreizeiten.de snippet,2026-10-04,low,"Cheap but NOT viable for daily St Anton skiing or nightlife. Listed so nobody chases it. FIT: dorms and multi-bed rooms suit singles, and meals are available, but the location rules it out."
BAND: generic Airbnb/VRBO houses sleeping 12 in Pettneu/Stanzertal,"Pettneu, Schnann, Flirsch, Strengen",Whole houses/chalets,12,4-5 bedrooms typical,https://www.airbnb.com/pettneu-am-arlberg-austria/stays,various,~450-730 (GBP 624/night villa for 12; A$834/night house for 12) [INFERRED conversion],38-61,44-71,"ADVERTISED (snippet) generic 'from' prices, not 4-9 Jan; plus cleaning fees and Ortstaxe",Often 5-7 night minimum in high season [PRIOR KNOWLEDGE],Self-catering,Varies,"Free ski bus line 7 (Ski Arlberg pass): 10 min to Nasserein/Terminal Ost, 13 min to Terminal West (Galzig/Rendl); every 15 min peak, hourly midday; last ski bus ~18:30; then paid regional bus 4242 and night bus 4243 (~EUR 5, last season) [ADVERTISED (snippet) arlbergerbergbahnen.com/pettneuerhof.at/snowheads]",Airbnb / VRBO / Holiday Lettings,Platform terms,Platform terms,ADVERTISED (snippet) band,"airbnb.co.in/.ca, holidaylettings.co.uk snippets",2026-10-04,low,"Baseline for comparison: a St Anton self-catered chalet for 14 runs from about EUR 750 pp/week, i.e. ~EUR 107 pp/night (USD 125) [INFERRED from ADVERTISED (snippet) allchalets/booking search]. FIT: typical 4-5 bedrooms for 12 means 2-3 per room; check that each listing has double beds for couples. Has a kitchen."
