search_zone,property,area,type,sleeps_max,bedrooms_or_room_mix,website,rating,price_whole_property_per_night_eur,price_pp_night_eur_at_12,price_pp_night_usd_at_12,price_basis_and_season,min_stay_and_changeover,meals_or_kitchen,distance_to_lift,distance_to_st_anton_centre_and_transport,booking_channel,deposit_terms,cancellation_terms,price_flag,sources,access_date,confidence,notes
St Anton centre,Haus Gertrud (6-bedroom apartment; whole house sleeps 24),Gastig (Gastigweg 28),Apartment house - self-catering apartments,12 in the largest apartment; 24 across whole house,"Six-bedroom apartment for 12 (ADVERTISED (snippet), gites.fr/booking.com); also 2-bed (4) and 3-bed (6) units; sauna, lift, ski room",https://www.hausgertrud.at/en/index.html,"TripAdvisor: 'lovely clean pension' (forum mention, snippet); numeric score not seen","216-397 (12-person apartment, 'from' price)",18.00-33.08,21.06-38.71,"ADVERTISED (snippet): 'from EUR 216/night' (HRS Holidays) and 'from EUR 397/night' (tiscover) for the 12-guest apartment. Generic 'from' rates, NOT for 4-9 Jan; early-Jan (Christmas/Epiphany high season) will very likely be well above these. Plus Ortstaxe EUR 5.00 pp/night age 15+ (ADVERTISED (snippet), trippz.com / meinbezirk.at, winter 25/26 rate; assume same for 26/27).",QUOTE NEEDED (Austrian apartment houses often want Sat-Sat or 7-night minimum in high season),Full kitchen with dishwasher; sauna; no meals,"About 500 m to town centre and lifts (ADVERTISED (snippet), hausgertrud/booking text); INFERRED ~6-8 min walk to Galzigbahn",500 m to centre; 11-min walk to St Anton station (ADVERTISED (snippet)),"Direct (hausgertrud.at/en/buchen.html), Booking.com, HRS, tiscover",QUOTE NEEDED,QUOTE NEEDED,ADVERTISED (snippet) for 'from' price; QUOTE NEEDED for 4-9 Jan,https://www.hausgertrud.at/en/index.html; https://holidays.hrs.de/en-US/detail/256-cb2dd057-f4e6-4de8-a4c5-b8db51411211/haus-gertrud; https://www.tiscover.com/buchen/en-US/detail/256-cb2dd057-f4e6-4de8-a4c5-b8db51411211/haus-gertrud; https://www.gites.fr/gites_haus-gertrud_sankt-anton-am-arlberg_h4651951_en.htm,2026-10-04,Medium for property facts; Low for price,"FIT: Good. 6 bedrooms for 12 lets couples take doubles and singles share; ask whether any rooms are triples/quads. Full kitchen (plus). No breakfast (minus, but self-catering is fine). Whole 24-bed house covers partners. Best structural fit: one apartment for exactly 12 under one roof, or the whole 24-bed house if the group grows with partners. 'From' prices are almost certainly off-peak; even at 2-3x (EUR 650-1,000/night) it is still ~EUR 55-85 pp. Cleaning fee unknown (QUOTE NEEDED). Email first."
St Anton centre,Pension Westreicher Otto (whole-house buyout),"Village centre (Dorfstrasse 49, at the pedestrian zone)",Pension / B&B (2-star),12,"12 beds in 7 rooms (ADVERTISED (snippet), stantonamarlberg deskline / hotel-ami); singles have washbasin only - shared bathrooms except the double with shower/WC",https://www.pension-westreicher.at/,Recommended on TripAdvisor forum as 'small B&B in the middle of St Anton' (snippet); no score seen,696 (INFERRED: 12 x EUR 58),58.00,67.86,"ADVERTISED (snippet): 'from EUR 58 pp/night with breakfast' (also older listings EUR 44-46 pp/day). Per person, B&B, generic 'from' rate, season not stated; Jan 4-9 is high season so expect higher. Plus Ortstaxe EUR 5.00 pp/night age 15+ (ADVERTISED (snippet), trippz.com / meinbezirk.at, winter 25/26 rate; assume same for 26/27).",QUOTE NEEDED,Breakfast included; no guest kitchen mentioned,5-10 min walk to the lifts (ADVERTISED (snippet)),In the pedestrian zone opposite a supermarket; nightlife on the doorstep,Direct by phone +43 5446 3282 / pension-westreicher.at; tourist-office deskline,QUOTE NEEDED,QUOTE NEEDED,ADVERTISED (snippet) for 'from' rate; INFERRED whole-house total; QUOTE NEEDED,https://www.hotel-ami.com/h-56048-E/pension-otto-westreicher-in-sankt-anton-am-arlberg.htm; https://www.tyrol.com/book-your-holiday/a-westreicher-otto-pension; https://www.tripadvisor.com/ShowTopic-g608676-i12271-k5531656-Budget_accomodation-St_Anton_am_Arlberg_Tirol_Austrian_Alps.html,2026-10-04,Medium (facts); Low (Jan price),"FIT: Good. Breakfast included (plus). 7 rooms for 12 = mostly doubles plus singles; few multi-bed rooms, so singles may end up in single rooms (fine but less cosy). No kitchen (minus). Shared bathrooms. Exactly 12 beds = the whole group under one roof in the very centre, breakfast included. Basic 2-star with shared bathrooms. Small family pension, likely to have regulars over New Year/Epiphany; phone soon."
St Anton centre,Hotel Pension Kirchplatz,Village centre (Dorfstrasse 73),Pension / aparthotel (3-star),~32 (INFERRED: 16 rooms x 2),"16 rooms: standard/superior doubles, some 1-bedroom apartments (ADVERTISED (snippet))",https://hotel-kirchplatz.at/en/hotel-kirchplatz-english/,Not seen,"702-2,556 (INFERRED: 6 rooms x EUR 117-426)",58.50-213.00,68.45-249.21,"ADVERTISED (snippet): rooms EUR 117-426 per room per night (range across seasons, Kayak/trivago aggregate); doubles from GBP 152. Per room, generic; early Jan likely mid-to-upper band. Plus Ortstaxe EUR 5.00 pp/night age 15+ (ADVERTISED (snippet), trippz.com / meinbezirk.at, winter 25/26 rate; assume same for 26/27).",QUOTE NEEDED,"Breakfast likely (PRIOR KNOWLEDGE, unchecked); apartments have kitchens",INFERRED ~3-5 min walk to Galzigbahn (central Dorfstrasse),Heart of the village; nightlife walkable,"Direct, Booking.com, Kayak",QUOTE NEEDED,QUOTE NEEDED,ADVERTISED (snippet) range; QUOTE NEEDED,https://www.kayak.co.uk/Sankt-Anton-am-Arlberg-Hotels-Hotel-Pension-Kirchplatz.672843.ksp; https://hotel-kirchplatz.at/en/hotel-kirchplatz-english/,2026-10-04,Low-Medium,FIT: Medium. Doubles suit couples; ask for triples/apartments for singles. Breakfast probably included (plus); some apartments have kitchens. Pricier than a whole-house option. Rooms-in-one-hotel fallback in the centre. Ask for triples/apartments to cut pp cost.
St Anton centre,Generic Airbnb / VRBO whole homes for 12 (band),St Anton (all areas; centre listings scarce),Whole chalet/apartment (band),12,5-6 bedrooms typical,https://www.airbnb.com/saint-anton-am-arlberg-austria/stays,n/a,"1,036-1,229 (INFERRED from USD 1,212-1,438)",86-102,101-120,"ADVERTISED (snippet): Airbnb 12-guest chalets USD 1,212-1,438/night ('from'); Airbnb Jan average for all sizes USD 436-496/night. Whole property per night, generic, not date-specific. Named 12-sleepers found (Windegg = Nasserein; Hannes Schneider = Stuben) are outside this area. Cleaning fees + Plus Ortstaxe EUR 5.00 pp/night age 15+ (ADVERTISED (snippet), trippz.com / meinbezirk.at, winter 25/26 rate; assume same for 26/27).","Often 5-7 night minimum, Sat or Sun changeover in high season (PRIOR KNOWLEDGE)",Self-catering kitchen,Varies,Varies,Airbnb / VRBO,Platform terms,Platform terms; often strict/non-refundable in peak,ADVERTISED (snippet); INFERRED conversion,https://www.airbnb.com/saint-anton-am-arlberg-austria/stays; https://www.cozycozy.com/us/st-anton-am-arlberg-chalet,2026-10-04,Low,"FIT: Medium. Kitchen (plus), no breakfast. Bed mix varies; check listings for bunk/twin rooms. Realistic range reference. Airbnb/VRBO fetch blocked; could not check dates. Few 12+ whole homes appear in the centre itself; many 'St Anton' VRBO listings are in Pettneu (7 km)."
St Anton centre,Wiesenhof by Interhome (12 guests),St Anton - exact district NOT verified,Holiday apartment (self-catering),12,"190 m2, 5 bedrooms each with shower/WC (ADVERTISED (snippet))",https://www.interhome.com/austria/arlberg-mountain/sankt-anton-am-arlberg/,Not seen,"1,083 ('from')",90.25,105.59,"ADVERTISED (snippet): from EUR 1,083 per night, whole apartment, generic season. Interhome usually adds final cleaning and local fees. Plus Ortstaxe EUR 5.00 pp/night age 15+ (ADVERTISED (snippet), trippz.com / meinbezirk.at, winter 25/26 rate; assume same for 26/27).",Interhome typically Sat-Sat in high season (PRIOR KNOWLEDGE),"Full kitchen, ski boot dryer, WiFi",QUOTE NEEDED (location not verified),QUOTE NEEDED,Interhome,Interhome standard (PRIOR KNOWLEDGE: ~25-30% at booking),Interhome standard,ADVERTISED (snippet); location QUOTE NEEDED,https://www.interhome.com/austria/arlberg-mountain/sankt-anton-am-arlberg/,2026-10-04,Low,"FIT: Medium. 5 en-suite bedrooms for 12 means some 3-bed rooms (good for singles); kitchen (plus); no breakfast. Location unverified. Include only if the district checks out as centre/Oberdorf; another Interhome 12-sleeper, Chalet Flocke Appart Murmeltier (83 m2, 2 bedrooms, from EUR 1,229/night), is too cramped. Interhome 'Apart 14' is in St Jakob (other agent)."
St Anton centre,"Chalet Fauner A (Inghams / Ski Total catered chalet, exclusive use possible)","Above Oberdorf, 400 m uphill from town, facing Rendl",UK operator catered chalet,16,"8 en-suite bedrooms; sauna and relaxation area (ADVERTISED (snippet), Inghams/skiline)",https://www.inghams.co.uk/ski-holidays/ski-resorts/austria/arlberg-ski-area/st-anton/chalet-fauner-a,TripAdvisor listing exists; score not seen,"3,848 (INFERRED: 16 x EUR 240.5, 7-night package at full occupancy)",240.50 (7-night package spread over 7 nights) / 336.70 if only 5 of 7 nights are used,281.39 / 393.94,"ADVERTISED (snippet, sno.co.uk): GBP 1,439 pp for 7 nights departing Sat 2 Jan 2027 (GBP 1,609 for 9 Jan), 2 sharing, INCLUDES UK flight/Eurostar + transfers + catering. Converted at INFERRED 1.17 EUR/GBP (PRIOR KNOWLEDGE rate, unchecked). Dates-specific. Ortstaxe usually included in UK packages (QUOTE NEEDED).",Sat-Sat 7 nights (2-9 Jan covers our 4-9 Jan); Inghams also sells 4-night short breaks (snippet) - QUOTE NEEDED,"Catered: breakfast, afternoon tea, dinner with wine most nights, one staff night off (PRIOR KNOWLEDGE of Inghams format)",5-min walk to Galzigbahn (ADVERTISED (snippet)),400 m uphill from town; Basecamp/après 5 min (ADVERTISED (snippet)),"Inghams / Ski Total; agents sno.co.uk, Iglu",Operator standard (PRIOR KNOWLEDGE: ~GBP 200-250 pp deposit),Operator ATOL terms,ADVERTISED (snippet) for package price; INFERRED per-night split; QUOTE NEEDED for accommodation-only/exclusive-use,https://www.sno.co.uk/ski-holidays/chalet-fauner-a_19044/; https://www.inghams.co.uk/ski-holidays/ski-resorts/austria/arlberg-ski-area/st-anton/chalet-fauner-a; https://www.skiline.co.uk/ski-holidays/austria/st-anton/chalet-fauner-a,2026-10-04,Medium,"FIT: Low priority. Catered dinners not wanted; price includes UK flights a US group will not use; Sat-Sat 7 nights vs our Mon-Sat 5. Breakfast included (plus). Rooms are doubles/twins (fine). Like-for-like: if self-catering costs ~EUR 60-90 pp/night plus ~EUR 40-60 pp/day for food and drink, catering narrows the gap but Fauner stays ~2x for a US group (UK flights are wasted value). Only good if Inghams quotes accommodation-only exclusive use. Sister Chalet Fauner B sleeps 9 (GBP 1,539 pp from 2 Jan). Skiworld Monte Vera (14-16, GBP 1,037-1,104 pp from 9 Jan) is in Nasserein - other agent."
St Anton centre,Chalet Rendl (Mountain Lodge) - Inghams catered,Gastig,UK operator catered chalet,10,"5 en-suite bedrooms; shared wellness area (sauna, steam, plunge pool) across 4 chalet-apartments in the development (ADVERTISED (snippet))",https://www.inghams.co.uk/ski-holidays/ski-resorts/austria/arlberg-ski-area/st-anton/chalet-rendl-mountain-lodge,Not seen,QUOTE NEEDED,"QUOTE NEEDED (Dec reference: ~EUR 202 pp/night INFERRED from GBP 1,209/7 x 1.17)",QUOTE NEEDED (~236),"ADVERTISED (snippet): from GBP 1,199-1,209 pp, 7 nights, incl. flights/transfers/catering (12 Dec 2026 departure). Jan 2027 price NOT found.",Sat-Sat 7 nights,Catered (Inghams format),INFERRED short walk to Galzig/Rendl from Gastig,"Gastig, west and uphill of centre",Inghams; sno.co.uk; Iglu,Operator standard,Operator ATOL terms,ADVERTISED (snippet) Dec price; QUOTE NEEDED for Jan,https://www.sno.co.uk/ski-holidays/chalet-rendl-mountain-lodge_10057/; https://www.igluski.com/ski-resorts/austria/st-anton/chalet-rendl-mountain-lodge_42720,2026-10-04,Low,"FIT: Low. Catered (dinner not wanted), sleeps only 10, Sat-Sat, UK flights bundled. Sleeps only 10; would need a 2nd unit in the same lodge for 12-15. Listed for completeness of catered options."
St Anton centre,Das MOOSER Hotel (MooserWirt next door),"Moos (piste-side, next to MooserWirt)","4-star hotel (reference, not budget)",QUOTE NEEDED,Doubles/suites,https://www.mooserhotel.at/en/hotel/,Not seen,"1,266-3,060 (INFERRED: 6 rooms x EUR 211-510)",105.50-255.00,123.44-298.35,"ADVERTISED (snippet, oxfordski/hotelguru): EUR 211 low season to EUR 510 high season per room per night, B&B. Early Jan = high season band likely. Plus Ortstaxe EUR 5.00 pp/night age 15+ (ADVERTISED (snippet), trippz.com / meinbezirk.at, winter 25/26 rate; assume same for 26/27).",QUOTE NEEDED,Breakfast; restaurant; spa,Ski-in/ski-out (ADVERTISED (snippet)),Short walk down to village; MooserWirt après next door,Direct; UK agents,QUOTE NEEDED,QUOTE NEEDED,ADVERTISED (snippet) range,https://www.oxfordski.com/luxury-ski-chalets-hotels/austria/st-anton/das-mooser-hotel/; https://www.mooserhotel.at/en/hotel/,2026-10-04,Medium,"FIT: Low. Breakfast (plus) and best ski-in location, but doubles only and top-of-range price; upper bound of the realistic range. Only accommodation found in the MooserWirt area; no budget pensions there. Included as the upper-bound reference only."
Nasserein / St Jakob,Stanton Hostel (pod hostel),St Jakob (St. Jakober Dorfstrasse 102),"Hostel, capsule pods in 4- and 6-bed dorms + some doubles",Unclear: snippets say 8 rooms vs 34 dorm rooms; QUOTE NEEDED for 12 beds,Single capsule pods in 4-bed and 6-bed dorms; double rooms,https://www.booking.com/hotel/at/stanton-hostel-sankt-anton-am-arlberg.en-gb.html,8.9/10 Booking.com (288 reviews) ADVERTISED (snippet),n/a (per bed),"from 35 (Jan likely 50-90, QUOTE NEEDED)",from 40.95,"Per bed per night, generic 'from' rate, not dates-specific; one guest review cites EUR 125/night for a dorm (season unknown). Jan 4-9 = winter high band likely.",Unknown; QUOTE NEEDED,"Guest kitchen (well-equipped per reviews), lounge, snack bar",~2 miles (3 km) to centre; Nassereinbahn ~1.5-2 km INFERRED from address,"~30 min walk to centre; free ski bus (St Jakob has 5 stops). Free ski bus by day; after ~18:00 it becomes Nightbus ~EUR 3.50 pp, less frequent; night buses reportedly don't reach the top of Nasserein (ADVERTISED snippet snowheads forum, undated - verify)",Booking.com / Hostelworld / direct,QUOTE NEEDED,QUOTE NEEDED (Booking.com rate-dependent),ADVERTISED (snippet) from-rate; QUOTE NEEDED for Jan 4-9,tripadvisor.com Stanton Hostel; booking.com reviews; readytotrip.com (from EUR 42); cozycozy; planetofhotels,2026-10-04,"Medium (exists, popular) / Low (Jan price)","FIT: Single pods in 4-6-bed dorms suit the singles well; doubles exist for couples (ask). Breakfast not stated (snack bar); guest kitchen = plus. Strong fit on budget. | The only real hostel found in the area and probably cheapest. Book early: small, popular with seasonaires and budget groups. Ortstaxe EUR 5.00 pp/night (15+) per Haus Tirol & Gasslihof snippets - INFERRED to apply area-wide"
Nasserein / St Jakob,Haus Tirol (rooms + 2 apartments),St Jakob (St. Jakober Dorfstrasse 174),Guesthouse: private rooms + holiday apartments,9 beds total (cannot take 12 alone),"2 double rooms, 1 single room, 2 apartments",https://www.bergfex.com/stanton-stchristoph/ferienhaus-haus-tirol/,Not found,~2x115 apartments + rooms ~200 = ~430 INFERRED (QUOTE NEEDED),~40-48 (n/a at 12; max 9),~47-56,"Rooms: double from EUR 40 pp/night, single from EUR 58 pp/night, plus breakfast (season band not stated). Apartments: EUR 115 per unit/night in band 19.12.2026-10.01.2027 (covers Jan 4-9 2027) ADVERTISED (snippet)",Unknown,Rooms with breakfast (may be extra); apartments self-catering,Nassereinbahn ~1.5 km INFERRED,"~2-2.5 km; free ski bus. Free ski bus by day; after ~18:00 it becomes Nightbus ~EUR 3.50 pp, less frequent; night buses reportedly don't reach the top of Nasserein (ADVERTISED snippet snowheads forum, undated - verify)",Direct / bergfex / Tourismusverband,QUOTE NEEDED,QUOTE NEEDED,ADVERTISED (snippet) for actual 2026/27 season band,bergfex.com Haus Tirol (winter + summer pages),2026-10-04,Medium,"FIT: Doubles suit couples; only 1 single and 9 beds, so singles need the apartments. Breakfast on rooms (maybe extra); apartments have kitchens = plus. Partial fit, use as add-on. | Only 9 beds - pair with Am Kirchhof or Gollas (both on the same street). Local tax EUR 5.00 pp/night (15+) ADVERTISED (snippet)"
Nasserein / St Jakob,Gasslihof Appartements (Gassli + Brunnen),St Jakob,2 holiday apartments in one house,11 (6-7 + 2-4),"Gassli: 2 doubles + 1 triple, each en-suite; Brunnen: 1 double + 1 twin",https://www.gasslihof.at/en/home.html,Not found,"~485 (both apts, INFERRED: 190 + 295 high-season ends of range) + EUR 180 cleaning total",~44 at 11 people incl cleaning spread over 5 nights (n/a at 12),~51,"Per apartment per night EUR 190-295 high season, 170-280 pre/low; excl. local tax EUR 5 pp/night and EUR 90 cleaning per apt. Season dates not seen; Jan 4-9 likely high. ADVERTISED (snippet)",Unknown; QUOTE NEEDED,"Self-catering, full kitchens with dishwashers",Ski bus stop in front of house; 5 min by bus to the cable car ADVERTISED (snippet),"~20 min walk to centre ADVERTISED (snippet); Free ski bus by day; after ~18:00 it becomes Nightbus ~EUR 3.50 pp, less frequent; night buses reportedly don't reach the top of Nasserein (ADVERTISED snippet snowheads forum, undated - verify)","Direct: info@gasslihof.at, +43 664 1336630",QUOTE NEEDED,QUOTE NEEDED,ADVERTISED (snippet) generic season rate; split per apartment INFERRED,gasslihof.at; bergfex.at Gasslihof,2026-10-04,Medium,FIT: En-suite doubles for couples + triple/twin for singles; kitchens = plus; no breakfast. Good fit for 11; 12th needs a bed elsewhere. | Strong value for 11; 12th person would need a room nearby or an extra bed (ask - Gassli says 6-7). Ortstaxe EUR 5.00 pp/night (15+) per Haus Tirol & Gasslihof snippets - INFERRED to apply area-wide
Nasserein / St Jakob,Pension Am Kirchhof,"St Jakob (St. Jakober Dorfstr. 116, by the church)",Frühstückspension (B&B),12 beds,3 double rooms + 1 multi-bed room (12 beds total),https://www.amkirchhof.at/,Not found,~600 INFERRED (12 x 50),50,58.50,"Per person per night with breakfast: double from 50 pp (2 sharing), family room from 50 pp, shared/multi-bed from 50 pp; single occ. 80. 'From' rates, season band not stated ADVERTISED (snippet)",Unknown; QUOTE NEEDED (pensions often 3-7 night minimum in Jan),Breakfast buffet with farm products; lounge; no kitchen stated,Ski bus stop nearby; Nassereinbahn ~1.5 km INFERRED,"~2 km; free ski bus. Free ski bus by day; after ~18:00 it becomes Nightbus ~EUR 3.50 pp, less frequent; night buses reportedly don't reach the top of Nasserein (ADVERTISED snippet snowheads forum, undated - verify)","Direct: +43 650 62 35 660, info@amkirchhof.at; Tourismusverband booking",QUOTE NEEDED,QUOTE NEEDED,ADVERTISED (snippet) from-rate; QUOTE NEEDED for Jan 4-9,amkirchhof.at; bedandbreakfast.eu; skigebiete-test.de; bergfex,2026-10-04,Medium,"FIT: 3 doubles for couples + multi-bed room for singles is exactly the preferred mix; breakfast included = plus; no kitchen. Best overall fit. | BEST FIT for priority 2: exactly 12 beds, so the group could take over the whole pension. Unclear whether the EUR 5 tax is included. Ortstaxe EUR 5.00 pp/night (15+) per Haus Tirol & Gasslihof snippets - INFERRED to apply area-wide"
Nasserein / St Jakob,Haus Gollas,St Jakob (St. Jakober Dorfstrasse 125),Gästehaus B&B with small spa,Unknown room count; QUOTE NEEDED,Doubles 20-25 m2 for 2-3 people; singles 18 m2 for 1-2,https://www.gollas.at/en/rates/,TripAdvisor listing exists; score not seen,n/a,~30-44 INFERRED (EUR 88 per room / 2-3 people),~35-51,"Rooms from EUR 88 per room per night incl. breakfast, sauna, steam bath; 'from' rate, Jan band not seen ADVERTISED (snippet)",Unknown,Breakfast buffet (reviewed as the highlight),Free ski bus every 15 min from the door ADVERTISED (snippet),"~2 km; Free ski bus by day; after ~18:00 it becomes Nightbus ~EUR 3.50 pp, less frequent; night buses reportedly don't reach the top of Nasserein (ADVERTISED snippet snowheads forum, undated - verify)","Direct: +43 5446 2018, info@gollas.at",QUOTE NEEDED,QUOTE NEEDED,ADVERTISED (snippet) from-rate; pp split INFERRED,gollas.at; preiswert-uebernachten.de; tripadvisor,2026-10-04,Low-Medium,"FIT: Doubles for couples, 3-person doubles for singles sharing; breakfast included + sauna = plus; no kitchen. Good fit as overflow. | Good top-up to Am Kirchhof / Haus Tirol on the same street. Ortstaxe EUR 5.00 pp/night (15+) per Haus Tirol & Gasslihof snippets - INFERRED to apply area-wide"
Nasserein / St Jakob,Pension Der Steinbock - Das Bauernhaus,Nasserein edge (near Hoppelweg),Frühstückspension in a 300-year-old farmhouse,13-16 rooms (sources differ); QUOTE NEEDED for 12 beds,"Doubles, twins, comfort triples; some shared-bathroom rooms",https://www.diearlbergerin.com/en/pension-st-anton/pension-rooms-and-prices/,TripAdvisor listed; Kayak from GBP 56,n/a,~49 (from 29-49),~57,"Own site title says rooms 'from EUR 49'; snow-online says B&B from EUR 29 in winter; hotel-mix/ibooked from EUR 43-44. Per person, 'from' rates, not date-specific ADVERTISED (snippet). Hotels.com notes Dec avg weeknight GBP 244 per room",Unknown,Breakfast (some OTAs sell it as ~EUR 15 extra),~10 min walk to Nassereinbahn ADVERTISED (snippet),"~15-20 min walk / ski bus; Après return (MooserWirt/Krazy Kanguruh): both sit on the blue Galzig 'home run' ~500m above St Anton centre (ADVERTISED snippet skinewgen/jaggedhorizons); that run ends in the centre, NOT Nasserein, so group skis to centre then walks 10-15 min or takes the bus (PRIOR KNOWLEDGE). Skiing home to Nasserein means taking the Fang/Nasserein run from Gampen BEFORE the bars (PRIOR KNOWLEDGE).",Direct (diearlbergerin.com) / Booking / Hotels.com,QUOTE NEEDED,QUOTE NEEDED,"ADVERTISED (snippet) from-rates, conflicting; QUOTE NEEDED",diearlbergerin.com; snow-online.com; hotel-mix.de; hotels.com; kayak.co.uk,2026-10-04,Medium (exists) / Low (price),FIT: Doubles + twins + triples match the couples/singles split; breakfast available (check if included); no kitchen. Good fit. | Triples help fit 12 into 4-5 rooms. Could not fetch rate page (blocked). Ortstaxe EUR 5.00 pp/night (15+) per Haus Tirol & Gasslihof snippets - INFERRED to apply area-wide
Nasserein / St Jakob,Pension Christian Strolz,Nasserein,Frühstückspension + apartments,"QUOTE NEEDED (doubles, 1 family room for 5, apartments for 2-6)","Double rooms; 1 family room 45 m2 (2 singles + double + sofa bed, 4-5 ppl); apartments 2-6 ppl",https://www.arlberg-stanton.com/en/offers/rates-winter.php,TripAdvisor listed; score not seen,n/a,~65 INFERRED (3 nights at 67 + 2 at 62),~76,"Per person per night INCLUDING breakfast and local tax. 2024/25 list: Winter 1 (21.12-06.01 & 25.01-21.03) from 67; Winter 2 (07.01-24.01) from 62; Winter 3 from 57. Jan 4-9 straddles W1/W2 if 2026/27 bands match. ADVERTISED (snippet), last season",Final cleaning included only for stays of 7+ days (so a 5-night stay may add cleaning for apartments),Breakfast buffet; apartments have kitchens,"~650 m (2,150 ft) to Nassereinbahn ADVERTISED (snippet)","~10-15 min walk or ski bus; Après return (MooserWirt/Krazy Kanguruh): both sit on the blue Galzig 'home run' ~500m above St Anton centre (ADVERTISED snippet skinewgen/jaggedhorizons); that run ends in the centre, NOT Nasserein, so group skis to centre then walks 10-15 min or takes the bus (PRIOR KNOWLEDGE). Skiing home to Nasserein means taking the Fang/Nasserein run from Gampen BEFORE the bars (PRIOR KNOWLEDGE).",Direct / Tourismusverband (booking.stantonamarlberg.com),QUOTE NEEDED,QUOTE NEEDED,ADVERTISED (snippet) 2024/25 bands; 2026/27 INFERRED,arlberg-stanton.com rates-winter; tripadvisor; trip.com,2026-10-04,Medium,"FIT: Doubles for couples; 5-bed family room + 2-6-person apartments for singles; breakfast and tax included = plus; apartments add kitchens. Good fit, mid-price. | Tax included, so compare against St Jakob prices + EUR 5. The cleanest-priced Nasserein pension found."
Nasserein / St Jakob,Chalet Brunnenhof (whole chalet),St Jakob (St. Jakober Dorfstrasse 53),"Whole chalet (renovated 300-350-year-old farmhouse), self-catering",14,"8 bedrooms, 8 bathrooms, 250 m2; log-cabin sauna in garden",https://www.airbnb.com/rooms/40501879,Not seen,"~1,366 (USD 1,598)",~114,~133,"USD 1,598 shown for 8 Jan 2025 for the whole chalet (most likely per night; source snippet not explicit) ADVERTISED (snippet); EUR conversion INFERRED (/1.17). Not 2027 dates",Unknown; QUOTE NEEDED (Airbnb 'ChALET Brunnenhof for 8-14 persons'),Private kitchen with fireplace,Within ~3 km of Nassereinbahn/Galzig; ski depot with boot dryer at the lift station ADVERTISED (snippet),"~2 km; free ski bus; Free ski bus by day; after ~18:00 it becomes Nightbus ~EUR 3.50 pp, less frequent; night buses reportedly don't reach the top of Nasserein (ADVERTISED snippet snowheads forum, undated - verify)","Airbnb, VRBO (5265270ha), Booking.com, direct +43 5446 2293 / brunnenhof.net",QUOTE NEEDED,QUOTE NEEDED,ADVERTISED (snippet) Jan 2025 rate; QUOTE NEEDED,vrbo.com/5265270ha; airbnb.com/rooms/40501879; booking.com; hotel.com.au,2026-10-04,Medium (property) / Low (price),FIT: 8 en-suite bedrooms (likely doubles/twins) under one roof; kitchen = plus; no breakfast. Good fit if 5-night stay allowed. | Only whole-house option in my area that fits 12-14 under one roof at a non-luxury-ish price. Ortstaxe EUR 5.00 pp/night (15+) per Haus Tirol & Gasslihof snippets - INFERRED to apply area-wide; cleaning fee unknown
Nasserein / St Jakob,Chalet Zoller (catered),St Jakob,"Catered chalet (tour-operator, per bed)",18,QUOTE NEEDED,https://www.alpineanswers.co.uk/ski-chalets/austria/st-anton/chalet-zoller,Not seen,n/a (per person packages),"~142 INFERRED (GBP 850 / 7 nights x ~1.17 EUR/GBP, PRIOR KNOWLEDGE FX)",~166,"GBP 850 pp per 7 nights for week of 04/01/2025 (GBP 825 for 11/01); includes breakfast buffet, 6 three-course dinners, all drinks. Last season's prices ADVERTISED (snippet)","7 nights, Saturday changeover (tour-operator weeks) - does NOT fit Mon-Sat","Catered: breakfast, 6 dinners, beer/wine/soft drinks",Ski bus; QUOTE NEEDED,"~2 km; Free ski bus by day; after ~18:00 it becomes Nightbus ~EUR 3.50 pp, less frequent; night buses reportedly don't reach the top of Nasserein (ADVERTISED snippet snowheads forum, undated - verify)","Alpine Answers, Sno, Iglu Ski, Snowfinders, Wens Chalets",Tour-operator deposit (typ. GBP 100-250 pp) PRIOR KNOWLEDGE,Operator T&Cs,ADVERTISED (snippet) 2025; FX INFERRED,igluski.com; sno.co.uk; alpineanswers.co.uk; wenschalets.co.uk,2026-10-04,Medium,"FIT: Per-bed catered chalet, rooms shared; breakfast + dinners included (dinner not needed, so paying for unwanted meals); 7-night Sat weeks do not match 4-9 Jan. Weak fit. | Includes food and drink, so pp comparison vs self-catering is closer than it looks. Week structure does not fit; worth asking about a 5-night exclusive buyout."
Nasserein / St Jakob,Chalet Narnia,Nasserein (on the piste down to the Nassereinbahn),"Luxury whole chalet, ski-in/ski-out",12-14,"6-7 bedrooms; bar, gym, sauna, hot tub",https://www.oxfordski.com/luxury-ski-chalets-hotels/austria/st-anton/chalet-narnia/,Not seen,"~2,526 INFERRED (17,680 / 7)",~210,~246,"EUR 17,680 per week for weeks of 10/17/24/31 Jan 2027, up to 12 guests (supplement for 13-14) ADVERTISED (snippet). Jan 2026: 3-10 Jan week EUR 16,075","Weekly, Sunday-to-Sunday INFERRED from 10/17/24/31 Jan 2027 dates",Self-catered or optional catering (agency-dependent),Ski-in/ski-out to Nassereinbahn ADVERTISED (snippet),"10-15 min walk / ski bus; Après return (MooserWirt/Krazy Kanguruh): both sit on the blue Galzig 'home run' ~500m above St Anton centre (ADVERTISED snippet skinewgen/jaggedhorizons); that run ends in the centre, NOT Nasserein, so group skis to centre then walks 10-15 min or takes the bus (PRIOR KNOWLEDGE). Skiing home to Nasserein means taking the Fang/Nasserein run from Gampen BEFORE the bars (PRIOR KNOWLEDGE).","Oxford Ski, Firefly, Paragon, Arlberg Rentals, Leo Trippi",QUOTE NEEDED,QUOTE NEEDED,ADVERTISED (snippet) for the 2026/27 season,firefly-collection.com; oxfordski.com; paragonskichalets.com; arlbergrentals.com,2026-10-04,Medium,"FIT: Bedroom mix fine and kitchen available, but Sunday weeks clash with Mon-Sat dates and price is top of range. Weak fit; shows the ceiling. | Over budget; reference point only. The 3-10 Jan 2027 week was missing from the snippet list (either booked or priced as festive) - a possible sign of no availability. Chalet Tschoder (same description, 14 in 7 bedrooms) is likely the same building or a sister chalet."
Nasserein / St Jakob,Raffl's Sweet Little Home,Nasserein (~600 m from the Nassereinbahn),Luxury chalet/guesthouse,14,"7 bedrooms, 7 bathrooms; outdoor sauna, hot tub, village shuttle",https://www.booking.com/hotel/at/raffl-s-sweet-little-home.html,TripAdvisor listed,"~3,480 INFERRED (12 x 290)",~290,~339,"EUR 290 pp/night age 13+ in an existing bed ADVERTISED (snippet); other OTAs show from USD 2,014 to 6,240/night; season not stated",Unknown,QUOTE NEEDED,"~600 m (1,969 ft) to Nassereinbahn ADVERTISED (snippet)","Free village shuttle; Après return (MooserWirt/Krazy Kanguruh): both sit on the blue Galzig 'home run' ~500m above St Anton centre (ADVERTISED snippet skinewgen/jaggedhorizons); that run ends in the centre, NOT Nasserein, so group skis to centre then walks 10-15 min or takes the bus (PRIOR KNOWLEDGE). Skiing home to Nasserein means taking the Fang/Nasserein run from Gampen BEFORE the bars (PRIOR KNOWLEDGE).",Booking.com / chaletalps,QUOTE NEEDED,QUOTE NEEDED,"ADVERTISED (snippet), basis ambiguous",booking.com; chaletalps.com; tripadvisor,2026-10-04,Low,FIT: Rooms fine but price is luxury ceiling. Weak fit. | Far over budget; included only as the luxury ceiling for Nasserein.
Nasserein / St Jakob,"BAND: generic Airbnb/VRBO whole house or apartment, 10-14 sleeper, Nasserein/St Jakob",Nasserein / St Jakob,Band (whole-property holiday rentals),10-14,4-8 bedrooms,https://www.airbnb.com/saint-anton-am-arlberg-austria/stays,n/a,"~1,200-3,000 INFERRED",~100-250,~117-293,"INFERRED from Chalet Brunnenhof ~EUR 1,366 (Jan 2025), Antoinette penthouse (Nasserein, sleeps 12) from EUR 3,055/day, Narnia EUR ~2,526/night (Jan 2027). Interhome 'Apart 14' (sleeps 10, location unclear) USD 4,620 per 7 nights (~EUR 565/night) is the low outlier but too small. Generic 'from' prices (e.g. Kayak from USD 87) are for small units",Many holiday homes have 7-night Sat/Sun changeover in Jan; 5-night Mon-Sat may be refused PRIOR KNOWLEDGE,Self-catering,Varies,"Varies; Free ski bus by day; after ~18:00 it becomes Nightbus ~EUR 3.50 pp, less frequent; night buses reportedly don't reach the top of Nasserein (ADVERTISED snippet snowheads forum, undated - verify)","Airbnb, VRBO, Interhome, arlbergrentals.com",Platform-dependent,Platform-dependent,INFERRED band,arlbergrentals.com (Antoinette); interhome via search; vrbo; airbnb; kayak.com,2026-10-04,Low,"FIT: Whole houses keep the group together with a kitchen; bedroom mix varies, so check for twin/bunk rooms; no breakfast; 7-night minimums common. Mixed fit. | Airbnb/Interhome/grether-reisen pages blocked by proxy; band built from snippets. A 14-bed grether-reisen apartment (from EUR 2,980/week for 10, EUR 4,070/week for 12) is in Flirsch, 11 km away - outside my area, flagged for the Pettneu/valley agent."
